row_idx	labels
0	12=1;13=1;16=1;36=1;41=1;51=1;107=1;176=0.5
1	12=1;21=1;41=1;51=1;96=1;107=1;197=1
2	16=1;21=1;30=0.5;60=0.5;62=1;176=0.5;198=0.5
3	7=1;16=1;20=1;21=1;51=1;73=1
4	24=1;28=1;37=0.5;41=1;78=1;107=1;176=1
5	25=1;30=1;41=1;93=1;107=1;135=1
6	12=1;19=1;39=1;44=1;51=1;231=1
7	24=1;25=1;29=0.5;62=1;130=1
8	12=1;21=0.5;39=1;100=0.5;193=1
9	12=1;22=1;44=1;95=0.5;197=0.5
10	15=1;36=1;51=1;200=1
11	36=1;51=1;72=1;200=1
12	15=0.5;36=1;123=0.5;200=1
13	15=1;36=1;55=1;200=1
14	1=1;2=1;42=1;110=1;168=1
15	4=0.5;21=0.5;46=0.5;110=1
16	4=1;29=1;51=1;120=1
17	4=1;8=1;29=1;65=0.5;110=1
18	5=1;12=1;70=0.5;71=1;94=1;110=1
19	20=1;46=1;65=1;110=1;150=0.5
20	22=1;28=1;62=1;100=0.5;101=1;110=1
21	24=1;28=1;42=1;59=1;68=1;102=1
22	39=1;97=0.5;125=1
23	39=1;97=1
24	22=1;23=1;39=1;97=1;145=0.5
25	39=1;68=1;97=1;193=1
26	4=1;5=1;39=1;57=0.5;97=1;193=1
27	4=1;39=1;97=1;193=1
28	12=1;13=1;21=1;39=1;70=1;97=1
29	18=1;19=1;21=1;57=1;97=1;123=1
30	28=1;39=1;97=1;193=1
31	12=1;21=1;39=1;97=1
32	24=1;25=0.5;39=1;77=1;97=1
33	2=0.5;38=1;116=1
34	4=1;8=0.5;38=1;116=1
35	38=1;116=1
36	1=1;2=1;125=1;189=1
37	4=1;5=1;201=1
38	3=1;62=1;119=1;171=0.5;201=1
39	4=1;23=1;119=0.5
40	5=0.5;87=1;119=0.5
41	61=1;62=1;63=1;119=1;190=1
42	1=1;62=1;119=1;190=1
43	12=1;50=1;51=1;72=1;119=1;146=0.5;201=1
44	2=0.5;7=0.5;44=1;106=1;186=1;202=1
45	4=1;5=1;7=0.5;106=1;202=1
46	12=1;51=1;106=1;148=1;202=1
47	12=1;19=1;22=1;44=1;106=1;202=1
48	17=1;18=1;20=1;21=1;51=1;106=1;202=1
49	17=1;21=1;44=1;106=1;202=1
50	28=1;78=1;106=1;202=1
51	12=1;35=1;36=1;51=1;61=1;118=1;140=1
52	23=1;138=1;140=1
53	12=1;26=1;34=1;35=1;76=0.5;138=1;140=1;180=0.5
54	20=1;21=1;138=1;140=1
55	26=1;28=1;36=1;77=1
56	24=1;26=1;28=1;34=1;35=1;76=1
57	1=1;2=1;42=0.5;103=1;104=0.5
58	4=1;7=1;67=0.5;73=0.5;103=1;104=0.5
59	20=1;36=1;44=1;53=0.5;107=0.5;125=1
60	4=1;7=1;20=1;73=1
61	12=1;51=1;70=1;71=1;93=1
62	12=1;21=1;24=1;30=1;51=1;67=1;73=1;93=1;107=0.5
63	28=1;30=1;77=1;93=1;103=1;104=0.5
64	24=1;28=1;73=1;103=1;177=0.5
65	39=1;125=1;146=0.5;195=1;201=0.5
66	4=1;5=1;39=1;195=1;204=0.5;234=1
67	12=1;13=1;39=1;51=1;67=1;146=1;195=1;204=1
68	17=1;21=1;58=1;68=1;146=1;187=0.5;195=1;204=1
69	190=1;195=1;204=1;234=1
70	28=0.5;195=1;216=1
71	12=1;19=1;44=1;51=1;106=1;202=1
72	19=1;44=1;57=0.5;106=1;202=1;231=1
73	17=1;18=1;47=1;106=1;123=1;202=1
74	12=1;21=1;44=1;202=1;215=0.5
75	6=1;12=1;19=1;20=1;21=1;51=1;94=1;106=1;159=1;197=1;202=1
76	24=1;28=1;31=1;73=1;78=1;202=1
77	28=1;55=1;73=1;202=1
78	28=1;30=1;55=1;202=1;231=0.5
79	4=1;36=1;61=1;118=1
80	30=1;36=1;39=1;61=1;98=1;118=1;197=1
81	12=1;21=1;36=1;39=1;51=1;97=0.5;198=1
82	24=0.5;36=1;44=0.5;51=1;68=1;127=1;129=0.5;198=0.5
83	28=1;36=1;68=1;77=0.5;78=1
84	14=0.5;36=1;37=1;44=1;78=1;81=1;149=0.5;150=0.5
85	24=1;28=1;69=1;78=1
86	24=1;28=1;36=1;39=1;55=1;61=1;98=1;118=1
87	30=1;31=0.5;36=1;133=1
88	12=1;14=1;18=1;36=1;39=1;81=1;123=1;132=0.5
89	39=1;53=0.5;97=1;125=0.5
90	19=0.5;39=1;97=1
91	39=1;97=1;100=0.5;193=0.5
92	4=1;8=1;29=1;39=1;97=1;193=1
93	12=1;13=0.5;39=1;57=1;70=1;97=1;100=1
94	22=0.5;39=1;57=1;97=1;124=1
95	21=1;39=1;57=1;97=1;100=1
96	39=1;97=1;193=1;210=0.5
97	24=1;28=1;39=1;77=1;78=1;97=1;193=0.5
98	1=1;38=1;117=1
99	4=1;117=1
100	4=1;117=1;121=1;180=0.5
101	12=1;38=1;46=0.5;51=1;117=1;121=0.5
102	12=1;14=1;38=1;46=1;71=1;79=0.5;117=1;124=1
103	4=1;7=1;20=1;36=1
104	4=1;20=1;29=1;36=1
105	18=1;51=1;70=1
106	12=1;13=1;20=1;36=1;46=0.5;51=1;123=1;150=1
107	12=1;13=1;36=1;51=1;95=0.5;123=1;133=1;161=0.5
108	24=1;26=1;28=1;36=1;73=1;107=1;130=1;177=0.5
109	1=0.5;2=1;42=1;102=1;166=1;227=0.5
110	20=1;28=1;38=1;42=1;102=1;166=1;182=1
111	26=1;42=1;76=0.5;79=1;102=1;166=1
112	42=1;65=0.5;102=1;166=1
113	24=0.5;28=1;42=1;102=1;166=1;177=1
114	4=1;6=1;42=1;102=1;120=1;166=1
115	31=1;38=1;42=1;53=0.5;102=1;166=1
116	1=1;2=1;107=1
117	2=1;36=1;107=1;125=1
118	4=1;5=1;8=1;36=1;107=1
119	4=1;8=1;30=0.5;31=0.5;107=1
120	4=1;6=1;107=1
121	12=1;46=1;71=1;78=1;107=1;150=1
122	12=1;13=1;30=1;36=1;51=1;71=1;95=1;107=1
123	21=1;24=0.5;30=1;95=1;107=1;197=1
124	24=1;25=1;28=1;30=1;77=1;107=1
125	1=1;38=1
126	4=0.5;20=0.5;38=1
127	4=1;22=1;29=1;38=1
128	5=1;38=1;56=0.5
129	12=1;19=0.5;38=1;51=1;57=1;123=0.5
130	12=1;21=1;38=1;51=1
131	12=1;19=0.5;21=1;38=1;73=0.5
132	12=1;13=1;38=1;71=1;73=0.5
133	24=1;25=1;28=1;38=1;69=1;77=1
134	12=1;14=1;38=1;51=1;60=1;81=1;85=0.5;149=1
135	14=1;34=1;38=1;60=1;79=1
136	4=0.5;60=1
137	24=1;28=1;29=1;60=1;120=1
138	27=1;60=1;235=1
139	12=1;21=1;38=1;60=1;68=1;69=1
140	14=1;32=1;38=1;60=1;80=1;81=1;93=1;164=1
141	24=1;29=1;38=1;60=1;134=1;164=1;248=1
142	128=1;147=1;188=1
143	12=1;22=0.5;36=0.5;44=1;51=1;139=0.5
144	12=1;19=1;36=0.5;44=1;51=1;101=1;192=0.5
145	2=0.5;31=1;44=1
146	15=0.5;38=1;116=1;135=1
147	14=0.5;18=1;38=1;116=1;149=1
148	14=1;26=1;38=1;79=1;116=1
149	38=1;116=1;127=1;135=1;185=0.5
150	1=0.5;26=1;135=1
151	26=1;135=1
152	5=0.5;21=1;24=0.5;30=1;37=1;53=0.5
153	4=1;5=1;6=0.5;8=1;21=1;57=1;100=0.5
154	12=1;13=1;21=1;37=1;70=1
155	6=0.5;8=1;21=1;37=1;62=1;100=0.5
156	23=1;57=1;100=0.5
157	12=1;21=1;22=0.5;37=1;55=1
158	7=1;12=1;57=1;73=1
159	12=1;21=1;55=1;73=1;88=0.5
160	12=0.5;16=1;21=1;31=0.5;37=1;183=1
161	24=1;25=1;28=1;30=1;37=1;59=1
162	12=1;39=1;41=1;98=1;107=1;172=0.5
163	17=0.5;41=1;107=1
164	41=1;107=1;148=1
165	39=1;41=1;98=1;107=1;148=1;172=0.5;186=0.5
166	24=0.5;28=1;41=1;107=1;148=1
167	12=1;36=1;41=0.5;53=0.5;67=1;71=0.5
168	12=1;17=1;21=1;36=1;173=1
169	17=1;19=1;20=1;36=1
170	20=1;36=1;163=1
171	36=1;93=0.5;173=1
172	12=1;19=1;36=1;101=0.5;163=1
173	24=1;28=1;41=1;69=1;107=1
174	24=1;25=1;28=1;36=1;67=0.5;134=1
175	10=0.5;11=0.5;38=1;39=1;97=1;132=1
176	23=1;38=1;39=1;57=1;97=1;145=0.5
177	12=1;24=0.5;39=1;51=1;86=1;97=1;204=0.5
178	24=1;28=1;38=1;39=1;97=1
179	12=1;45=1;103=1;148=1;236=0.5
180	12=1;21=1;45=1;51=1;62=1
181	24=1;26=1;28=1;45=1;148=1;177=1;236=1
182	24=1;28=1;45=1;148=1
183	2=1;31=1;103=1;139=1;148=0.5
184	7=1;11=1;19=1;41=1;44=1;107=1
185	4=1;7=1;41=1;107=1;155=1
186	12=1;19=1;22=1;44=1;70=1;73=1;107=1
187	4=0.5;22=0.5;100=0.5
188	12=1;22=1;57=1;100=1
189	24=1;25=1;28=1;41=1;44=1;73=1;107=1
190	23=1;87=1;205=1
191	12=1;35=1;51=1;87=1
192	17=1;87=1;118=0.5;165=1;235=0.5
193	31=1;87=1;165=1
194	26=1;34=1;76=1;87=1
195	24=1;28=1;34=1;35=1;73=1;87=1;238=0.5
196	38=0.5;125=1;189=1;229=1;253=0.5
197	24=0.5;34=1;76=1;229=1
198	34=1;76=1;229=1
199	24=1;26=1;28=1;34=1;75=1;177=1;229=1;238=0.5;253=1
200	72=1;165=1;229=1
201	1=0.5;44=0.5;201=1
202	4=1;133=1;201=1
203	10=1;121=1;132=0.5
204	12=1;44=1;51=1;95=1
205	12=1;31=1;85=0.5;95=1;133=1;201=1
206	24=1;28=1;69=1;135=0.5
207	24=1;25=1;26=1;28=1;130=1;177=1
208	26=1;27=0.5;135=0.5
209	1=0.5;38=1;132=0.5
210	4=1;5=1;121=1
211	18=1;51=1;122=0.5
212	4=1;121=1
213	23=1;72=1;121=1;132=0.5
214	28=1;29=1;38=1;120=1
215	11=1;45=1;51=1;132=0.5
216	4=1;10=0.5;45=1;132=0.5;145=0.5
217	15=0.5;44=0.5
218	4=1;5=1;7=1;29=1;44=0.5
219	12=1;13=1;45=1;70=1
220	12=1;45=1;170=1
221	12=1;45=1;70=0.5;73=0.5
222	26=1;28=1;45=1;77=1
223	24=1;25=0.5;28=1;45=1
224	27=1;28=1
225	2=1;106=1;202=1;219=0.5
226	47=0.5;106=1;202=1
227	1=1;7=1;31=1;44=1;106=1;202=1;231=1
228	10=0.5;22=1;44=1;106=1;202=1
229	12=1;19=1;36=1;44=1;106=1;202=1
230	20=1;36=1;44=1;106=1;202=1
231	28=0.5;58=1;106=1;202=1
232	24=1;25=0.5;28=1;30=1;62=1;73=1;106=1;202=1
233	1=0.5;94=1;137=1;154=0.5
234	12=1;13=1;21=1;51=1;137=1;173=0.5
235	19=1;20=1;37=1;57=1;94=1;109=0.5;163=1
236	2=1;41=1;45=1;48=0.5;148=1
237	4=1;45=1;148=1
238	12=1;21=1;31=1;41=1;107=1;148=1;165=1;186=0.5
239	3=1;31=1;41=1;62=1;107=1;119=0.5
240	26=1;34=1;41=1;76=1;107=1
241	20=1;24=0.5;26=1;34=1;41=1;107=1;177=1;236=1
242	24=1;28=1;41=1;62=1;107=1
243	23=1;22=0.5
244	12=0.5;45=1;170=1;235=0.5
245	2=1;37=1;41=1;42=1;45=1;107=1;170=1
246	61=1;118=0.5;200=0.5;235=1
247	12=1;24=0.5;44=1;200=0.5
248	12=1;44=1;45=1;170=1
249	65=0.5;72=0.5;206=0.5
250	15=0.5;45=0.5;100=0.5
251	1=0.5;2=1;17=0.5;44=1;169=0.5
252	12=1;19=1;36=1;44=1;51=1
253	12=1;21=1;24=1;25=1;36=1;44=1;69=1;96=1
254	23=1;138=1;180=1
255	125=1;138=1;180=1
256	12=1;138=1;150=1
257	24=1;28=1;100=0.5;138=1;180=1
258	28=1;30=1;100=0.5
259	28=1;77=0.5;78=1;138=1;177=1
260	28=1;55=1;62=1;93=1;138=1
261	24=0.5;36=1;125=0.5
262	4=1;5=1;36=1;37=1;107=0.5;176=1;198=1
263	12=1;13=1;36=1;71=1;198=1
264	21=1;22=1;36=1;84=0.5;170=1;198=1
265	20=1;22=1;36=1;198=1
266	24=1;28=1;30=1;37=1;70=0.5;176=1
267	12=1;22=1;57=1;71=1
268	14=1;24=1;25=1;36=1;68=1;77=1;81=1;185=0.5
269	24=1;28=1;37=1;41=1;77=1;107=1;176=1
270	12=1;31=1;36=1;42=1;102=1;166=1;171=1;199=1
271	1=1;2=1;3=1;8=0.5;42=1;102=1;139=1;166=1;174=1;233=0.5
272	12=1;20=1;36=1;42=1;77=1;102=1;166=1
273	22=1;27=1;36=1;42=1;73=1;90=0.5;102=1;166=1;178=1
274	4=1;6=0.5;36=1;96=1
275	8=1;36=1;42=1;93=1;166=1;200=1
276	12=0.5;28=1;34=1;42=1;90=1;102=1;166=1;171=0.5;199=1;200=1
277	1=1;38=1;117=1
278	4=1;8=1;30=1;38=1;80=0.5;117=1
279	12=1;13=1;38=1;51=1;132=1
280	30=1;38=1;132=0.5;183=0.5
281	12=1;21=1;39=1;55=1;97=1;204=1
282	24=1;25=1;26=1;38=1;68=1;130=1
283	24=1;25=1;28=1;38=1;93=1
284	128=1;147=1;188=1
285	24=0.5;31=1;35=1;46=1;225=1
286	1=1;225=1
287	12=1;30=1;46=1;51=1;93=1;225=1
288	12=1;21=1;46=1;150=1;197=1
289	26=1;28=1;30=1;46=1
290	28=1;30=1;46=1
291	18=1;46=1;123=1;150=1
292	3=1;12=1;41=0.5;110=0.5;167=0.5;203=1
293	33=0.5;41=0.5;148=1;167=0.5;203=1
294	29=0.5;203=1
295	3=1;4=1;31=1;87=1;171=1;203=1
296	12=1;36=1;44=1;73=1;78=1;96=1;203=1
297	12=1;36=1;44=1;96=1
298	24=1;69=1;78=1
299	4=1;10=0.5;87=1;203=1
300	24=1;28=1;69=1;203=1
301	1=1;87=1
302	23=1;87=1;187=1
303	4=1;5=1;100=0.5
304	12=1;13=1;26=1;72=1;87=1;168=1;187=1;201=1
305	100=0.5;195=0.5
306	12=1;13=1;39=1;58=1;87=1;122=1;146=1;187=1;195=1;201=1;204=1
307	46=1;103=0.5;125=0.5
308	4=1;22=1;37=1;109=1;170=1
309	4=1;5=1;7=1;22=1;125=1
310	12=1;22=1;37=1;46=1;57=1;71=1;100=0.5;109=1;127=1
311	12=1;22=1;28=1;37=1;46=1;109=1
312	2=1;168=0.5;201=1
313	125=1;189=1;201=1
314	1=0.5;5=1;10=0.5;71=1;201=1
315	12=1;19=1;201=1
316	12=1;13=1;17=1;123=1;174=1;201=1
317	17=1;18=1;19=1;26=1;44=1;123=1;165=1;201=1;231=0.5
318	24=1;26=1;28=1;74=1;77=1;130=1;177=1;201=1
319	12=1;20=1;38=1;60=1;94=1;159=1
320	4=0.5;5=1;20=1;60=1;94=1;125=1
321	4=1;60=1;176=1
322	12=1;13=1;21=1;51=1;60=1;71=0.5
323	20=1;21=1;60=1;94=1
324	30=0.5;60=1
325	28=1;38=1;68=1;77=1
326	24=1;25=1;38=1;69=1;94=1;159=1
327	10=0.5;11=0.5;19=1;22=1;41=1;44=1;85=1;173=1
328	19=1;44=1
329	12=1;16=1;17=1;41=1;44=1;85=1;107=1;173=1;218=0.5
330	17=1;36=1;41=1;96=1;107=1;173=1;218=0.5
331	13=1;41=1;101=1;107=1;144=0.5
332	31=1;41=1;73=1;96=1;107=1
333	24=1;25=1;28=1;41=1;69=1;107=1
334	30=1;73=1;85=1
335	28=1;41=1;78=1;107=1
336	12=1;21=1;37=1;51=1
337	17=1;22=1;37=1
338	12=1;17=1;21=1;37=1
339	24=1;25=0.5;37=1;69=1
340	31=1;37=1;61=1;118=1
341	24=1;28=1;37=1;42=0.5;59=1;68=1;102=0.5
342	23=1;48=1;100=1;137=1;154=1
343	4=1;198=1
344	12=1;20=1;22=1;51=1;198=1
345	4=1;8=1;41=1;107=1
346	20=1;36=1;41=1;107=1;200=1
347	23=1;36=1;198=1
348	4=1;7=1;20=1;36=1;73=1;93=1;198=1
349	12=1;17=1;18=1;41=1;107=1;123=1;198=1
350	12=1;13=1;21=1;30=1;41=1;51=1;93=1;107=1;137=1;198=1
351	27=1;48=1;137=1
352	10=1;41=1;107=1;121=1;180=1;233=1
353	10=1;41=1;107=1;180=1;233=1
354	10=1;35=1;41=1;107=1;119=1;180=1;233=1
355	29=1;120=1;121=1
356	10=1;61=1;121=1;233=1
357	3=0.5;4=1;61=1;121=1;233=1
358	4=1;61=1;118=1;233=1
359	4=1;61=1;233=1
360	72=0.5;119=1;121=1;231=1;233=1
361	1=1;2=0.5;201=0.5
362	15=0.5;200=1;201=0.5
363	4=1;5=1;22=0.5
364	12=1;22=1;200=1;201=0.5
365	12=1;22=1;44=0.5;168=0.5;201=0.5;209=0.5
366	12=1
367	33=1;74=0.5;216=1
368	1=1;3=1;44=1;50=1;153=1;214=0.5
369	10=0.5;121=1;154=0.5
370	27=0.5;50=1;112=0.5;201=1;216=1
371	3=1;12=1;18=1;50=1;72=1;121=1;196=0.5;200=1;232=1;249=1
372	1=1;37=1;38=1;208=1
373	24=1;38=1;208=1;215=0.5
374	12=1;13=1;24=1;25=1;34=1;69=1;134=1;208=1
375	24=1;25=1;34=1;55=1;75=0.5;134=1;208=1
376	25=0.5;208=1;215=1
377	4=1;44=1;67=0.5;95=1;125=1
378	4=1;70=0.5
379	4=1;8=1;30=0.5
380	20=1;95=1;121=1
381	29=0.5;215=1;220=0.5
382	12=1;17=1;20=1;123=1;231=1
383	12=1;20=1;36=1;51=1;200=1
384	16=1;24=1;25=0.5;28=1;183=1;215=1
385	24=1;25=1;28=1;69=1;215=1;220=1
386	28=1;53=0.5;121=1
387	128=1;147=1;188=1
388	12=1;22=1;36=1;62=1;85=1;198=1
389	19=1;36=1;84=0.5;198=1
390	20=1;36=1;85=1;161=1;173=1;198=1
391	4=1;8=1;36=1;173=1
392	4=1;7=1;36=1;62=1;173=1
393	12=1;36=1;62=1;231=1
394	22=1;36=1;90=0.5
395	12=1;19=1;22=1;36=1;44=1;62=1;231=1
396	24=1;28=1;62=1;69=1;73=1
397	11=0.5;44=1;47=1;106=1;107=1;202=1
398	12=1;47=1;106=1;107=1;202=1
399	22=1;27=0.5;45=0.5;202=1
400	12=1;19=1;44=1;106=1;202=1
401	12=1;47=1;85=1;93=0.5;106=1;173=1;202=1
402	12=1;13=1;19=1;36=1;44=1;85=1;106=1;173=1;202=1
403	4=1;47=1;70=1;106=1;202=1
404	28=1;78=1;202=1
405	1=1;45=1
406	4=1;8=1;37=1;45=1;170=1
407	12=1;13=1;21=1;45=1;170=1;176=1
408	21=1;45=1
409	28=1;37=1;109=0.5;170=1;211=0.5
410	28=1;37=1;45=1;103=1;170=1
411	24=1;28=1;45=1;170=1
412	23=1;45=1
413	1=0.5;45=1;235=0.5
414	31=0.5;45=1;235=0.5
415	2=1;18=1;42=1;45=1;103=1;104=0.5;168=1;170=1
416	4=1;45=1;170=1;215=0.5
417	20=1;37=1;45=1;125=1
418	12=1;20=1;45=1;143=1
419	15=0.5;24=1;28=1;69=1;127=1;185=0.5
420	18=1;43=1;93=1;150=0.5
421	12=1;21=1;25=0.5;55=1;68=1;71=1;73=1
422	12=1;36=1;51=1;93=1;136=1
423	31=1;67=1;73=1;93=1
424	20=1;22=1;41=1;77=1;90=1;93=1;107=1
425	24=0.5;28=1;41=1;77=1;78=1;93=1;107=1;136=1
426	28=1;93=1
427	1=1;41=1;48=0.5;107=1;131=1;137=1;154=1
428	12=0.5;34=1;36=1;41=1;107=1;137=0.5;180=1
429	10=0.5;36=1;49=0.5;200=1
430	24=1;28=1;34=1;36=1;134=1;200=1
431	1=1;38=1;42=1;102=1;166=1
432	38=1;42=1;72=0.5;102=1;166=1
433	12=1;38=1;42=1;102=1;166=1
434	20=1;28=1;38=1;42=1;77=1;102=1;166=1
435	12=1;21=1;38=1;39=1;42=1;97=1;102=1;166=1
436	21=1;24=1;38=1;39=1;42=1;97=1;102=1;166=1;197=1
437	12=1;39=1;98=1;100=1;146=1;195=1
438	39=1;57=1;98=1;100=1;145=1
439	57=1;98=1;146=1;195=1
440	4=0.5;27=1;216=1
441	20=1;36=1;37=1
442	4=1;18=1;36=1;37=1;198=1
443	12=1;36=1;37=1;51=1;73=1;198=1
444	12=1;13=1;36=1;37=1;41=1;44=1;53=0.5;73=1;107=1
445	12=1;21=1;22=1;36=1;45=1;71=1;100=1;197=1
446	24=1;25=1;28=1;36=1;37=1;69=1;73=1
447	128=1;147=1;188=1
448	11=0.5;44=1;99=1;100=1
449	23=1;44=1;57=1;145=1
450	19=1;44=1;57=1
451	99=1;100=1;144=1
452	5=1;15=0.5;99=1;100=1
453	99=1;100=1;144=1
454	99=1;100=1;144=1
455	12=1;44=1;73=1;99=1;100=1;191=1
456	4=1;6=1;38=1;39=1;80=0.5;117=1
457	14=1;38=1;39=1;58=0.5;79=0.5;116=1;117=1
458	14=1;26=1;38=1;79=1;116=1;117=1
459	38=1;117=1
460	32=1;141=1
461	24=1;27=1;29=1;38=1;39=1;86=0.5;120=1;244=0.5
462	24=1;27=1;30=1;93=1
463	128=0.5;147=1;188=1
464	41=1;105=1;107=1;137=1;230=1
465	5=1;12=1;21=1;37=1;41=1;105=1;107=1;176=1;230=1
466	20=1;36=1;41=1;105=1;107=1;230=1
467	28=1;41=1;105=1;107=1;230=1
468	28=1;30=1;41=1;105=1;107=1
469	41=1;93=1;107=1;136=1
470	12=1;14=0.5;44=1;46=1;81=0.5;225=0.5
471	19=1;44=1;46=1;198=0.5
472	30=0.5;46=1;133=0.5
473	14=0.5;28=1;46=1;78=1;147=0.5
474	15=0.5;20=1;38=1;94=1
475	56=1;190=1
476	4=1;6=1;38=1;120=1
477	5=1;35=1;53=0.5;161=0.5
478	12=1;33=0.5;34=1;35=1;38=1;46=1;85=1;117=1
479	20=1;24=1;28=1;34=1;35=1;75=1;161=1;177=1
480	24=1;28=1;34=1;35=1;73=1;238=0.5
481	4=1;7=1;8=1;41=1;107=1
482	5=1;20=1;107=1
483	36=1;53=0.5;107=1
484	12=1;21=1;36=1;44=1;51=1;197=1
485	17=1;36=1;44=1
486	19=1;44=1;57=1;107=0.5
487	19=1;36=1;41=1;107=1;171=0.5;198=1
488	3=1;12=1;31=1;41=1;62=1;107=1;171=1
489	28=1;41=1;107=1
490	11=0.5;36=1;41=0.5;44=1;47=1;85=1
491	4=1;43=0.5;47=1;91=1;106=1
492	47=1;90=0.5;198=0.5
493	12=1;19=1;36=1;41=0.5;44=1
494	47=1;85=1;173=1;198=1
495	17=1;19=1;36=1;44=1;47=1
496	22=1;36=1;47=1;57=1;100=1;101=1;144=1
497	24=1;28=1;47=1;69=1;101=0.5
498	15=0.5;100=0.5;143=1
499	72=1;98=1;100=1
500	50=1;112=1;119=1;187=1
501	50=1;112=1;187=1
502	3=1;15=0.5;41=1;50=1;112=1;119=1;171=1;187=1
503	18=1;26=1;50=1;64=1;72=1;112=1;119=1;171=1;187=1;196=1;232=1;233=1
504	10=1;22=1;36=1;44=1;85=1
505	4=0.5;15=0.5;200=0.5
506	12=1;13=1;20=1;36=1;39=1;44=1;51=1;97=1
507	19=1;36=1;44=1;96=1
508	67=1;94=0.5;118=0.5
509	4=1;12=1;22=1;44=1;70=1;96=1
510	24=1;26=1;28=1;69=1;177=1
511	24=1;30=1;37=0.5;45=0.5;73=1
512	4=1;61=1;118=1;119=1
513	4=1;37=1;61=1
514	1=1;2=1;3=1;42=1;45=1;61=1;104=0.5;168=1;201=1
515	12=1;61=1;71=1;118=1;137=1;215=1
516	118=1;235=1
517	12=1;19=1;61=1;71=1;101=1;118=1;177=0.5
518	24=1;26=1;27=1;28=1;45=1;61=1;77=1;118=1;119=1
519	2=1;31=1;41=1;104=0.5;107=1;201=1
520	24=1;30=1;41=1;107=1
521	4=1;5=1;8=1;41=1;107=1
522	12=1;22=1;41=1;44=1;107=1
523	20=1;22=1;41=1;90=1;107=1;200=1
524	24=0.5;62=1;73=1;107=1
525	24=1;26=1;28=1;69=1;107=1;130=1;177=1
526	4=1;8=1;38=1
527	12=1;13=1;38=1;51=1;53=0.5;71=1;137=1
528	17=1;18=1;21=1
529	20=1;21=1;38=1
530	17=1;21=1;38=1
531	17=0.5;38=1;55=1
532	19=1;20=1;38=1;55=1;65=1;123=0.5
533	28=1;38=1;43=1;62=1;73=1;77=1;110=1;201=1
534	18=1;24=1;25=1;27=1;28=1;38=1;62=1;73=1;122=1;123=1;177=1
535	3=1;38=1;43=1;110=1;153=0.5
536	12=1;24=0.5;34=0.5;43=1;110=1;134=0.5
537	12=1;20=1;37=1;43=1;89=1;110=1
538	28=1;29=1;30=0.5;43=1;53=0.5;120=1
539	1=1;137=1;180=1
540	2=0.5;137=1;180=1
541	1=1;67=0.5;73=1;137=1;180=1
542	5=1;53=0.5;62=1;73=1;137=1;197=1
543	12=1;13=1;21=1;39=1;51=1;98=1;137=1;180=1
544	35=1;41=1;107=1;125=1;189=1;200=1
545	3=1;35=1;41=1;62=1;107=1;200=1
546	12=1;41=1;107=1;161=0.5;171=0.5
547	23=1;35=1;41=1;107=1;200=1
548	19=1;31=1;35=1;41=1;73=1;95=1;107=1;200=1;231=1
549	24=0.5;28=1;41=1;100=1;101=1;107=1;144=0.5
550	24=1;44=1;197=1
551	15=0.5;44=1;197=1
552	4=1;7=1;44=1;99=1
553	31=1;44=1;73=1
554	12=1;13=1;44=1;51=1;73=1
555	12=1;41=0.5;44=1;107=0.5
556	24=1;25=1;28=1;44=1;73=1;177=1
557	39=1;97=1;125=1
558	1=1;39=1;84=1;97=1;170=1
559	12=1;13=1;39=1;57=1;97=1;170=1
560	12=0.5;39=1;57=1;97=1;170=1
561	4=0.5;24=1;28=1;39=1;70=0.5;97=1;170=1;193=1
562	24=1;25=1;26=1;28=1;39=1;97=1
563	27=1;39=1;97=1;127=1;170=1
564	1=1;3=1;41=1;62=1;107=1;171=1
565	4=0.5;37=0.5
566	3=0.5;23=1
567	23=1;132=1
568	23=1;171=0.5
569	4=1
570	12=1;13=1;44=1;96=1;146=1
571	24=0.5;27=1;28=1;29=1;41=1;107=1;171=1
572	44=1;125=1
573	5=1;23=1;44=1;231=1
574	19=1;44=1;73=0.5;93=1;231=1
575	23=1;44=1
576	24=1;44=1;231=1
577	12=1;13=1;44=1;98=0.5;172=0.5;197=0.5
578	24=1;26=1;28=1;44=1;69=1
579	27=1;44=1;93=1;231=1
580	1=1;2=1;3=1;35=1;119=1;171=1
581	2=1;3=1;33=0.5;41=1;42=1;50=1;90=1;119=1;171=1;201=1
582	31=1;35=1;61=1;112=1;119=1;165=1;232=1
583	3=1;15=0.5;50=1;61=1;62=1;63=1;119=1
584	1=1;165=1;234=1
585	4=1;234=1
586	2=1;38=1;204=1;234=1
587	125=1;204=1;234=1
588	15=1;38=1;204=1;234=1
589	15=1;18=1;21=1;38=1;79=0.5;204=1;234=1
590	177=1;204=1;234=1
591	23=1;45=1;139=1;201=1;209=1
592	4=1;5=1;139=1;192=1;201=1
593	12=1;139=1;192=1;201=1;209=1
594	19=1;139=1;192=1;201=1;231=1
595	19=1;44=1;139=1;192=1;201=1
596	28=1;77=1;139=1;201=1
597	24=1;28=1;139=1;192=1;201=1
598	24=1;28=1;55=1;139=1;192=1;201=1
599	23=1;131=1;154=1
600	4=1;5=1;121=1;131=1;154=1
601	100=1;101=1;144=1;154=1
602	4=1;5=1;46=1;100=1
603	10=1;46=1;57=1;100=1
604	57=1;100=1;101=1;144=1
605	46=1;57=1;100=1;101=1;144=1
606	1=1;40=1;115=1
607	40=1;115=1;231=1
608	3=1;40=1;50=1;112=1;115=1;187=1;232=1
609	4=1;19=1;40=1;44=1;115=1;231=1
610	12=1;13=1;19=1;22=1;40=1;44=1;115=1
611	24=1;25=1;28=1;40=1;115=1;177=1
612	12=1;19=1;40=1;115=1;231=1
613	24=1;28=1;40=1;115=1;231=1
614	22=1;73=0.5;215=0.5
615	2=1;23=1;45=1;50=1;103=0.5;110=0.5
616	1=1;2=1;3=1;31=1;50=1;103=0.5
617	4=1;45=1;125=1;189=1
618	4=1;15=0.5;45=1;60=0.5
619	15=0.5;30=1;45=1
620	1=1;4=1;15=1;45=1
621	15=1;45=1;72=1
622	15=1;32=1;72=1;123=1
623	15=1;55=1;72=1
624	72=1;177=1;232=1
625	15=1;55=1;164=1
626	12=1;35=1;41=1;84=0.5;107=1;165=1;198=1;200=1
627	12=1;35=1;41=1;107=1;165=1;198=1
628	12=1;22=1;31=1;35=1;41=1;84=1;90=0.5;107=1;165=1;174=1
629	26=1;28=1;34=1;41=1;76=1;107=1
630	24=1;28=1;34=1;35=1;73=1;75=1;107=1;238=0.5
631	15=0.5;43=1;89=1;110=1
632	4=1;5=1;36=1;43=1;110=1
633	1=1;3=1;36=1;43=1;62=1;110=1;171=1
634	12=1;18=1;36=1;43=1;71=1;73=1;110=1
635	43=1;73=1;110=1;192=0.5
636	17=1;18=1;19=1;36=1;43=1;84=0.5;96=1;110=1;123=1;198=1
637	17=1;18=1;36=1;43=1;95=1;110=1;123=1;133=1
638	28=1
639	24=1;25=1;26=1;28=1;36=1;43=1;110=1;130=1
640	2=1;20=1;37=1;41=1;107=1
641	4=1;23=1;93=1
642	1=1;36=1;41=1;107=1;125=1
643	12=1;30=1;36=1;37=1;41=1;51=1;71=1;107=1
644	12=1;17=1;41=1;85=1;107=1;148=1;165=0.5;198=1
645	24=1;27=1;28=1;69=1;77=1
646	4=1;37=1;42=1;102=1;166=1;194=1
647	17=1;21=1;24=0.5;37=1;42=1;102=1;166=1;194=1
648	4=1;5=1;7=1;21=1;37=1
649	12=1;13=1;16=1;37=1;42=1;70=1;73=1;102=1;166=1;194=1
650	17=1;20=1;21=1;37=1;123=1
651	17=1;20=1;93=1;123=1;159=0.5
652	17=1;21=1;37=1;55=1;123=1
653	12=1;17=1;55=1;123=1
654	28=1
655	24=1;25=1;28=1;37=1;42=1;68=1;102=1;166=1
656	26=1;37=1;42=1;102=1;135=1;166=1
657	128=1;147=1;188=1
658	12=1;17=1;18=1;38=0.5;39=1;46=1;85=1;113=1;122=1;146=1;225=1;256=1
659	24=1;26=1;34=1;46=1;75=1;134=1;177=1;225=1
660	11=1;39=1;57=1;98=1;100=1;204=1
661	4=1;99=1;100=1
662	99=1;100=1;101=1;144=1
663	1=1;2=1;49=1;114=1;208=1
664	12=0.5;49=1;60=1;114=1;174=1
665	4=1;10=1;18=1;46=1;49=1;60=1;114=1;123=1;174=1
666	12=1;13=1;21=1;49=1;60=1;70=1;114=1;174=1
667	24=1;25=1;28=1;30=0.5;49=1;60=1;69=1;77=1;114=1
668	27=1;28=1;49=1;114=1;178=1
669	8=1;20=1;36=1;93=1;125=0.5
670	4=1;8=1;22=1;36=1;93=1;231=1
671	22=1;36=1;90=1
672	4=1;5=1;29=1;36=1;90=1
673	12=1;13=1;20=1;36=1;70=1;71=1;90=1;133=1;183=0.5
674	57=1;100=1;101=1;144=1;171=1
675	24=1;25=1;26=1;28=1;36=1;68=1;130=1
676	24=1;38=1;39=1;82=1;97=1;125=1;204=1
677	17=1;23=1;38=1;39=1;82=1;86=1;97=1;204=1;244=0.5
678	4=1;5=1;39=1;84=1;97=1;244=1
679	4=1;8=1;38=1;86=1;244=1
680	12=1;13=1;38=1;39=1;71=1;86=1;183=1;204=1
681	12=1;39=1;84=1;86=1;96=1;161=1;163=1
682	4=1;36=1;85=1;173=1
683	12=1;13=1;36=1;47=1;85=1;173=1
684	36=1;57=1;100=1;101=1;144=1
685	19=1;24=0.5;44=1;63=0.5;106=1;177=0.5;202=1
686	24=1;28=1;69=1;78=1;106=1;177=1;202=1
687	1=1;2=1;37=1;42=1;102=1;166=1
688	12=1;23=1;37=1;42=1;45=1;102=1;166=1
689	12=1;17=1;21=1;37=1;42=1;102=1;166=1
690	4=1;29=1;56=1
691	4=1;18=1;39=1;97=1;210=1
692	12=1;13=1;39=1;70=1;97=1;210=1
693	23=1;38=1;39=1;82=1;86=1;97=1;204=1;244=1
694	4=1;14=0.5;81=0.5;244=1
695	27=1;28=0.5;39=1;86=1;97=1;158=0.5;244=1
696	19=1;39=1;98=1;100=1
697	12=1;39=1;98=1
698	23=1;39=1;98=1
699	24=1;26=1;28=1;39=1;73=1;98=1;130=1
700	5=1;30=1;46=1;67=1;183=1;225=1
701	128=1;147=1;188=1
702	14=1;26=1;38=1;42=1;79=1;102=1;116=1;166=1
703	38=1;177=1;208=1
704	12=1;22=1;41=1;44=1;57=1;100=1;172=1
705	4=1;22=1;41=1;44=1;90=1;172=1
706	4=1;8=1;41=1;57=1;62=1;90=1;172=1
707	4=1;41=1;57=1;172=1
708	12=1;22=1;41=1;57=1;100=1;172=1
709	15=1;18=1;41=1;57=1;172=1
710	43=0.5;57=1;100=1;144=1
711	24=0.5;39=1;61=1;73=1;97=1;118=1;125=1
712	51=1;56=1;120=1
713	2=1;3=1;104=1;119=1;146=1;201=1
714	31=1;104=1;107=0.5;201=1
715	46=1;49=1;114=1;125=1;189=1
716	3=1;46=1;49=1;114=1;153=1;171=1
717	12=1;31=1;49=1;114=1;165=1;174=0.5
718	3=1;17=1;18=1;43=1;49=1;66=0.5;89=1;114=1;151=1;171=1;173=0.5;200=1;232=1
719	3=1;27=1;28=1;171=1
720	3=1;32=1;49=1;50=0.5;66=0.5;72=0.5;114=1;147=1;164=1;171=1;256=1
721	2=1;82=1;125=1;176=0.5;189=1
722	20=1;86=1;245=0.5
723	24=1;26=1;28=1;69=1;73=1;82=1;86=1;130=1;177=1
724	20=1;37=1;60=1;108=1;181=1;182=1
725	5=1;12=0.5;21=1;48=1;137=1;252=1
726	48=1;137=1;173=0.5;252=1
727	31=1;48=1;73=1;78=1;137=1;252=1
728	24=0.5;31=1;48=1;73=1;252=1
729	24=1;38=1;82=1;84=1
730	38=1;82=1;84=1;137=1;154=1;233=0.5
731	4=1;31=0.5;37=1;41=1;107=1
732	12=1;17=1;37=1;41=1;107=1;132=0.5
733	15=1;37=1;41=1;72=1;107=1
734	4=1;37=1;41=1;62=1;81=0.5;107=1
735	37=1;41=1;107=1;164=1
736	98=1;146=1;195=1
737	39=1;98=1;100=1;146=1;195=1
738	23=1;39=1;98=1;100=1;145=1
739	39=1;98=1;100=1;145=1
740	18=1;57=1;100=1;101=1;123=1;144=1
741	30=1;100=1;144=1
742	71=1;100=1;127=1
743	47=1;106=1;202=1;219=1
744	4=1;7=1;106=1;202=1;219=1
745	1=1;44=1;106=1;202=1;219=1
746	27=1;56=0.5;143=0.5
747	68=1;129=1;190=1
748	12=1;146=1;219=1
749	95=1;219=1
750	15=0.5;26=1;27=1;177=1;219=1
751	27=1;106=1;202=1;219=1
752	19=0.5;23=1
753	3=1;50=1;63=1;125=1;189=1
754	4=1;50=1;63=1;72=1;231=1
755	10=1;19=1;44=1;50=1;63=1;72=1;121=1;231=1
756	121=1;180=1
757	4=1;157=1
758	27=1;34=1;75=1;157=1;180=1;221=0.5
759	1=1;2=1;42=1;102=1;166=1;254=1
760	28=0.5;43=0.5;110=0.5;151=0.5;153=1
761	27=1;28=1;42=1;102=1;166=1
762	24=1;26=1;42=1;68=1;82=1;102=1;166=1;177=1
763	1=1;3=1;42=1;102=1;166=1;171=1
764	3=1;42=1;102=1;166=1;171=1;199=0.5;232=1
765	31=1;42=1;82=1;102=1;119=1;166=1;171=1;254=0.5
766	23=1;39=1;57=1;98=1;99=1;100=1;145=1
767	100=1;144=0.5
768	23=1;39=1;98=1;100=1
769	57=0.5;216=0.5
770	7=1;57=1;99=1;100=1
771	12=1;44=1;57=1;73=1;99=1;100=1;191=1;231=1
772	20=1;40=1;115=1;170=1;174=1;201=1;219=1
773	15=0.5;20=1;40=1;115=1
774	28=1;40=1;115=1;201=1;207=1
775	33=1;40=1;74=1;115=1;201=1;207=1
776	26=1;27=1;28=1;82=1;90=1;156=1
777	128=1;147=1;188=1
778	4=1;37=1
779	4=1;82=1;86=1
780	4=1;86=1;219=0.5
781	27=1;179=1;245=0.5
782	24=1;28=1;86=1;179=1;245=1
783	14=0.5;28=1;72=1;79=0.5;81=0.5;177=1
784	24=1;25=1;26=1;28=1;69=1;82=1;86=1;130=1
785	16=1;31=1;86=1;183=1
786	30=1;39=1;53=0.5;97=1;125=1
787	39=1;97=1;100=1;193=1
788	4=1;39=1;97=1;193=1
789	12=1;39=1;97=1;193=1
790	4=1;6=1;14=0.5;60=1
791	14=1;46=1;60=1;79=1;180=0.5;221=0.5
792	14=1;26=1;46=1;60=1;79=1
793	27=1;34=1;75=0.5;177=1
794	12=0.5;73=1;108=0.5;179=0.5
795	27=1;60=1;82=1;108=1;179=1
796	38=1;56=0.5
797	26=1;28=1;60=1;77=1;108=1
798	11=1;45=1;90=1;170=1
799	39=1;45=1;97=1;170=1;210=0.5
800	12=1;13=1;16=1;31=1;39=1;45=1;90=1;183=1
801	12=1;67=1;88=1;183=1
802	21=1;88=1;179=1
803	11=0.5;37=1;60=1;109=1;132=0.5
804	12=1;37=1;46=1;109=1;133=0.5
805	18=0.5;21=1;45=1;170=1;179=1
806	12=1;21=1;48=1;73=1;186=1;252=1
807	26=1;73=1;88=1;130=1;177=1;252=1
808	7=1;17=1;26=1;48=1;73=1;88=1;130=1;186=1;252=1
809	48=1;73=1;186=1;252=1
810	26=1;48=1;73=1;177=1;186=1;252=1
811	4=1;7=1;45=1;104=1;148=1
812	12=1;20=1;45=1;104=1;148=1;236=0.5
813	24=1;25=1;38=1;68=1;82=1;129=1;220=1
814	27=1;28=1;30=1;77=1
815	20=1;36=1;82=1;84=1;159=0.5
816	27=1;62=1;84=1;156=0.5;164=1
817	1=1;2=1;82=1;103=1
818	2=1;103=1;111=0.5
819	4=1
820	14=0.5;18=1;38=1;81=1
821	27=1;28=1;82=1;103=1;156=1
822	14=1;32=1;50=1;103=1;128=0.5;147=1;164=1
823	4=1;7=1;37=1;109=1
824	15=0.5;17=1;37=1;109=1
825	12=1;13=1;30=1;37=1;109=1
826	7=1;31=1;37=1;73=1;186=0.5
827	17=1;37=1;109=1
828	12=1;17=1;26=1;37=1;57=1;71=1;109=1
829	24=0.5;48=1;125=0.5
830	47=1;48=1;104=1;219=1;228=1;252=0.5
831	2=1;48=1;164=1
832	44=1;48=1;73=1;104=1;121=1;201=1;219=1;231=1;252=0.5
833	4=1;5=1;24=0.5;39=1;97=1
834	24=1;25=1;26=1;39=1;68=1;73=1;97=1;130=1
835	14=1;46=1;104=1;159=1;182=1
836	14=1;18=1;26=1;37=1;46=1;79=1;104=1;109=1;159=1;182=1
837	12=1;37=1;46=1;109=1;235=1
838	24=1;28=1;37=1;104=1
839	24=1;37=1;68=1;82=1;129=1
840	29=1;37=1;46=1;66=0.5;231=1
841	12=0.5;231=1
842	28=1;31=1;37=1;104=1;159=1
843	37=1;60=1;108=1;159=1;245=0.5
844	6=0.5;14=1;37=1;46=1;70=1;104=1;159=1;182=1
845	7=1;231=1
846	23=1;47=1;64=1;91=1
847	4=1;8=1;30=1;47=1;93=1
848	12=1;22=1;47=1
849	22=1;47=1
850	47=1;64=1;91=1
851	20=1;47=1
852	24=1;38=1;82=1
853	4=1;5=1;38=1;82=1;168=1;204=1;205=1
854	24=1;82=1;85=1;156=0.5;161=1
855	12=1;24=1;25=1;28=1;38=1;82=1;85=1;171=1
856	49=1;82=1;114=1;125=1
857	4=1;66=1;82=1;119=1;212=1
858	4=1;49=1;86=1;114=1;244=1
859	12=1;17=1;18=1;39=1;49=1;86=1;97=1;114=1;123=1;174=1;204=1
860	26=1;28=1;34=1;49=1;76=1;114=1
861	28=1;49=1;53=0.5;86=1;97=1;114=1;174=1
862	4=1;7=1;103=1;104=0.5
863	28=1;57=1;100=1;101=1
864	4=1;7=1;82=1;88=1;155=1;186=1
865	73=1;88=1
866	15=0.5;88=1
867	12=1;71=1;82=1;88=1
868	12=1;21=1;24=0.5;73=1;82=1;88=1;197=1
869	24=1;26=1;73=1;88=1;130=1
870	24=1;26=1;73=1;88=1;130=1;177=1
871	128=1;147=1;188=1
872	12=1;19=0.5;37=0.5;45=0.5;57=1;73=1
873	24=1;27=1;28=1;69=1;178=1
874	3=1;31=1;43=1;64=1;73=1;103=1;110=1;171=1;186=1;187=1
875	37=1;45=1;125=1
876	4=1;37=1;57=0.5
877	12=1;37=1;61=0.5;235=1
878	14=1;26=1;79=1;87=1;98=1;141=1;145=0.5
879	24=0.5;26=1;68=1;82=1;87=1;98=1;177=1
880	128=1;147=1;188=1
881	5=1;12=1;37=1;46=1;93=0.5;158=0.5
882	19=1;20=1;36=0.5;96=0.5
883	12=1;41=1;106=1;202=1
884	4=1;7=1;41=1;106=1;202=1
885	19=1;44=1;57=1;106=1;202=1;231=1
886	4=1;12=1;36=1;44=1;62=1;73=1;101=0.5;106=1;202=1
887	24=1;25=1;28=1;69=1;78=1;106=1;202=1
888	23=1;98=1;100=1;125=0.5
889	12=1;22=1;98=1;100=1
890	23=1;98=1;100=1
891	99=1;100=1;191=1
892	4=1;99=1;100=1
893	128=1;147=1;188=1
894	2=0.5;190=1;201=1
895	26=1;142=0.5
896	15=0.5;27=1;46=1;53=1;201=1
897	12=1;46=1;201=1
898	201=1;216=0.5
899	164=1
900	23=1;44=1;72=1;231=1
901	1=1;2=1;44=1;231=1
902	19=1;31=1;164=1;227=0.5
903	147=0.5;188=1
904	4=1;8=1;93=1
905	42=1;57=1;100=1;101=1;144=1;166=1
906	11=1;36=1;82=1;92=1;93=1
907	19=1;22=1;27=1;36=1;57=1;92=1;100=1
908	16=1;24=0.5;36=1;92=1;93=1;183=1
909	4=1;82=1;84=1;86=1
910	12=1;13=1;36=1;82=1;84=1;86=1;96=1;161=1;162=1
911	12=1;17=1;19=1;36=1;82=1;84=1;86=1;163=1
912	24=1;26=1;28=1;38=1;69=1;82=1;86=1;130=1
913	128=1;147=1;188=1
914	23=1;42=1;84=1;102=1;166=1
915	2=1;34=1;35=1;42=1;102=1;166=1;173=1;238=1
916	12=1;28=0.5;42=1;85=1;102=1;166=1
917	24=1;26=1;28=1;42=1;82=1;85=1;86=1;102=1;166=1;177=1;218=0.5
918	27=1;28=1;85=1;173=1;221=0.5
919	5=1;27=1;85=1;173=1;221=0.5
920	3=1;43=1;106=1;107=1;110=1;153=1;202=1
921	12=1;20=1;43=1;94=1;110=1;202=1
922	28=1;43=1;77=1;110=1;202=1
923	1=1;84=1;100=1;137=0.5;170=1
924	1=1;38=1;84=1;96=1;170=1
925	4=1;8=1;84=1;98=1;100=1
926	100=0.5;170=1;192=0.5
927	12=1;22=1;100=1;170=1
928	19=1;57=1;100=1;170=1
929	1=1;37=1;41=1;85=1;107=1;176=1
930	14=1;26=0.5;37=1;60=1;71=1;127=1;185=1
931	14=1;26=1;37=1;41=1;60=1;79=1;103=0.5;107=1;148=1
932	12=1;13=1;37=1;60=1;108=1;133=0.5
933	24=1;25=1;26=1;28=1;60=1;69=1;108=1;130=1
934	1=1;19=0.5;20=1;82=1
935	12=1;19=1;20=1;22=1;44=1;82=1
936	12=0.5;34=1;49=1;82=1;86=1;114=1;224=1;253=1
937	26=1;34=1;49=1;76=1;114=1
938	28=1;49=1;114=1
939	37=1;93=1
940	4=1;7=1;93=1
941	12=0.5;93=1;243=1
942	17=1;93=1;243=1
943	28=1;37=1;42=1;77=1;102=1;166=1
944	31=1;42=1;102=1;166=1;204=1;234=1
945	12=1;17=1;42=1;102=1;166=1;204=1;217=1;234=1
946	24=1;28=1;42=1;73=1;102=1;166=1;204=1;234=1
947	4=1;7=1;82=1;155=1
948	19=0.5;82=1;88=1;177=0.5
949	4=1;26=1;27=1;29=1;57=1;82=1;88=1;130=1
950	12=1;13=1;16=1;17=1;21=1;82=1;88=1
951	24=1;25=1;26=1;28=1;68=1;82=1;88=1;130=1;177=1
952	12=1;72=1;177=1
953	4=1;7=1;19=1;44=1;99=1;100=1
954	12=1;44=1;73=1;88=0.5
955	24=1;26=1;28=1;44=1;73=1;130=1
956	24=1;26=1;73=1;82=1;129=1;130=1;156=1
957	4=1;19=1;20=1;92=0.5;100=0.5
958	12=1;13=1;46=1;70=1
959	12=1;19=1;46=1;57=1;100=1;101=1;123=1
960	12=1;19=1;20=1;57=1;71=1;123=1
961	20=1;67=0.5;92=0.5
962	28=1;77=1;78=1
963	28=1;36=1;78=1;163=1
964	4=1;41=1;61=1;118=1;167=1
965	12=1;41=1;60=1;84=1;108=1;167=1;176=1
966	38=1;82=1;84=1;86=1;125=1
967	12=1;13=1;18=1;82=1;84=1;86=1;122=1;123=1
968	17=1;38=1;82=1;84=1;86=1;118=0.5;159=1;161=1;245=1
969	1=1;14=1;38=1;81=1;82=1;84=1;86=1
970	4=1;6=1;14=1;65=1;81=1
971	12=1;14=1;150=1
972	27=1;28=1;38=1;68=1;82=1;84=1;86=1;248=1
973	12=1;14=1;30=1;62=1;65=1;81=1;82=1;84=1;85=1;86=1
974	4=1;8=1;64=1;82=1;206=1
975	20=1;24=0.5;62=1;64=1;82=1;88=1;206=1
976	24=1;26=1;62=1;64=1;73=1;82=1;206=1
977	24=1;28=1;64=1;68=1;82=1;206=1
978	31=1;64=1;82=1;88=1;206=1
979	23=1;34=1;35=1;82=1;92=1
980	2=1;12=1;40=1;42=1;51=1;77=1;115=1
981	12=1;24=1;25=1;28=1;69=1;200=1
982	1=1;62=1;105=1
983	12=1;19=1;44=1;105=1
984	128=1;147=1;188=1
985	12=1;13=1;36=1;46=1;84=1;109=1;176=1
986	49=1;82=1;87=1;114=1;247=1
987	3=1;4=1;49=1;82=1;114=1;247=1
988	1=1;49=1;82=1;114=1;247=1
989	26=1;34=1;49=1;76=1;82=1;87=1;114=1;247=1
990	84=1;87=1;247=1
991	29=1;49=1;82=1;87=1;114=1;247=1
992	27=1;34=1;49=1;82=1;87=1;114=1;247=1
993	28=1;49=1;82=1;87=1;114=1;120=1;247=1
994	27=1;34=1;49=1;114=1;158=1
995	12=1;23=1;50=1;89=0.5;121=1;145=0.5
996	3=1;50=1;89=1;121=1;131=1;154=1;214=1
997	24=1;82=1;87=1;104=1
998	1=1;3=1;61=1;118=1;227=0.5
999	4=1
1000	11=1;61=1;118=1;132=1
1001	26=1;27=1;28=1;61=1;77=1;118=1
1002	34=1;61=1;76=1;118=1;200=1
1003	1=1;61=1;72=1;118=1
1004	1=1;38=1;82=1;85=1;86=1;113=1
1005	12=1;17=1;18=1;38=1;82=1;84=1;85=1;86=1;113=1;137=1
1006	20=1;42=0.5;102=0.5;169=0.5;177=1
1007	18=1;70=1
1008	12=1;38=1;132=1
1009	24=1;26=1;28=1;69=1;130=1
1010	24=1;25=1;38=1;82=1;177=1;220=1
1011	23=1;93=1;94=1
1012	12=1;14=1;60=1;81=1;93=1
1013	28=0.5;37=1;38=1;42=1;60=1;77=1;78=1;93=1;95=1;177=1
1014	16=1;31=1;147=1;183=1
1015	128=1;147=1;188=1
1016	12=1;13=1;19=1;36=1;163=1;200=1
1017	27=1;28=1;65=1;120=1;163=1;178=1
1018	23=1;98=0.5;206=1
1019	4=1;98=1;100=1;206=1
1020	12=1;18=1;98=1;100=1;206=1
1021	7=1;99=1;100=1
1022	99=1;100=1;144=1
1023	24=1;28=1;46=1;150=1;169=1
1024	12=0.5;44=1;57=1;100=1;137=0.5
1025	23=1;44=1;100=1
1026	22=1;44=1;57=1;100=1
1027	31=0.5;44=1;164=0.5
1028	19=1;44=1;57=1;100=1
1029	5=0.5;22=1;44=1;57=1;100=1;231=0.5
1030	44=1;57=1;100=1
1031	5=1;22=1;44=1;57=1;100=1;231=1
1032	3=1;43=1;46=1;153=0.5
1033	12=1;22=1;38=1;46=1
1034	28=1;177=1
1035	28=1;43=1;177=1
1036	28=1;43=1;60=1;62=1;105=1;109=1
1037	105=1;177=1;208=0.5
1038	4=1;105=1;177=1;208=0.5
1039	4=1;6=1;7=1;67=1;75=1;105=1;177=1
1040	12=1;13=1;16=1;30=1;71=1;73=1;105=1;208=1
1041	21=1;24=1;25=1;105=1;177=1;208=1
1042	24=1;36=1;82=1;84=1;125=1
1043	20=1;24=1;36=1;62=0.5;82=1
1044	4=1;7=1;82=1;155=1
1045	24=1;26=1;28=1;68=1;73=1;82=1;84=1;130=1;177=1
1046	12=1;13=1;16=1;24=0.5;67=1;71=1;82=1;93=1;183=1;215=0.5
1047	17=1;23=1;46=1
1048	17=1;22=1;46=1
1049	4=1;5=1;7=1;24=1;46=1;73=1
1050	15=0.5;18=1;23=1;46=1;72=1;123=1
1051	15=1;46=1
1052	4=1;15=1;164=1
1053	4=1;45=1;103=1;202=1
1054	12=1;13=1;46=1;73=1;103=1;150=0.5;202=1
1055	17=1;20=1;21=1;45=1;46=1;150=1
1056	24=1;25=1;26=1;28=1;68=1;77=1;103=1;177=1;202=1
1057	125=1;201=1
1058	4=1;201=1;227=1
1059	4=1;7=1;201=1;227=1
1060	15=0.5;19=1;201=1
1061	31=1;111=1;153=0.5;201=1;237=0.5
1062	12=1;20=1;38=1;82=1;201=1
1063	84=0.5;190=0.5;201=0.5
1064	26=1;82=1
1065	20=1;68=1;82=1;129=1
1066	38=1;46=1
1067	5=1;56=1;190=1
1068	61=0.5;118=0.5
1069	31=1;84=0.5;165=1;201=1;227=1
1070	111=1;201=1;237=1;250=0.5
1071	201=1;227=1
1072	24=1;26=1;28=1;82=1;89=1;179=1
1073	23=1;36=1;92=1;200=1
1074	4=1;7=1;19=1;44=1;95=1
1075	12=1;46=1;105=1
1076	17=1;20=1;22=1;46=1;105=1
1077	46=1;105=1
1078	16=1;67=1;105=1;183=1
1079	24=1;26=1;28=1;30=1;69=1;93=1;105=1;130=1
1080	128=1;147=1;188=1
1081	4=1;7=1;37=1;45=1;57=0.5
1082	12=1;13=1;37=1;45=1;71=1
1083	20=1;38=1;46=1;60=1;169=1;182=1
1084	20=1;36=1;161=0.5
1085	128=1;147=1;188=1
1086	26=1;27=1;28=1;45=1;62=1;77=1;90=0.5;177=1
1087	4=1;7=1;203=1
1088	38=1;84=0.5
1089	4=1;38=1;84=0.5
1090	4=1;82=1;84=0.5;156=1
1091	24=1;38=1;68=1;82=1;84=1;134=1;156=1;248=1
1092	4=1;7=1;47=1;64=1;91=1
1093	1=1;29=0.5;31=1;47=1;119=0.5
1094	12=1;47=1;179=1;235=1
1095	24=1;26=1;28=1;37=1;38=1;47=1;60=1;177=1
1096	4=1;30=1;47=1;87=1;127=1;185=1
1097	2=1;168=1;201=1;246=1
1098	4=1;14=1;81=1;82=1;84=1;204=1;246=1
1099	1=0.5;38=1
1100	14=1;18=1;38=1;82=1;132=1
1101	14=1;38=1;68=1
1102	24=1;25=1;38=1;82=1;220=1
1103	1=1;2=1;37=1;42=1;102=1;166=1
1104	4=1;6=1;8=1;37=1;42=1;102=1;166=1
1105	24=1;25=1;26=1;28=1;37=1;42=1;68=1;102=1;166=1;177=1
1106	31=1;37=1;42=1;62=1;73=1;102=1;127=1;166=1;185=0.5
1107	128=1;147=1;188=1
1108	128=1;147=1;188=1
1109	1=1;87=1;113=1
1110	12=0.5;85=1;87=1;113=1;173=1;218=1;256=0.5
1111	24=1;25=1;28=1;69=1
1112	73=1;82=1;86=1;125=1
1113	3=1;12=1;63=1;82=1;86=1;220=1
1114	12=1;63=1;82=1;86=1;89=1
1115	128=1;147=1;188=1
1116	10=1;105=1;180=1
1117	15=1;72=1;79=1;105=1;135=0.5;180=1
1118	15=1;105=1;180=1
1119	4=0.5;56=1;120=0.5
1120	24=1;25=1;28=1;69=1;85=1;173=1;218=1
1121	4=1;19=1;44=1;46=1
1122	17=1;22=1;46=1;57=1
1123	12=1;13=1;46=1;57=1;71=1
1124	100=1;101=1;144=1
1125	28=1;43=1;46=1;109=1;110=0.5
1126	128=1;147=0.5;188=1
1127	17=1;39=1;86=1;113=0.5;146=1;219=1;256=0.5
1128	12=1;39=1;82=1;85=1;86=1;97=1;129=1;204=1
1129	24=1;26=1;28=1;177=1
1130	1=1;3=1;66=1;82=1;119=1;171=1
1131	5=1;24=0.5;43=1;66=1;82=1;89=1;151=1;171=1;179=1
1132	24=1;25=0.5;69=1;82=1;179=1
1133	24=1;25=0.5;67=1;73=1;82=1
1134	27=1;179=1
1135	17=1;18=1;150=1;159=1
1136	4=1;7=1;43=1;66=1;82=1;89=1;110=1;151=1
1137	14=0.5;28=0.5;68=1;82=1;129=1
1138	27=1;28=0.5;209=1;239=0.5
1139	26=1;28=1;79=1;148=1;177=1
1140	82=1;125=1;189=1
1141	10=1;34=1;82=1;225=1
1142	26=1;34=1;46=1;76=1;82=1;225=1
1143	27=1;82=1;225=1;237=0.5
1144	34=1;180=1;225=1;256=0.5
1145	82=1;225=1;256=0.5
1146	24=1;28=1;34=1;46=1;225=1;238=0.5
1147	120=1;221=0.5;225=1
1148	120=1;237=0.5
1149	27=1;34=1;82=1;180=1;225=1
1150	12=1;13=1;14=0.5;46=1;82=1;150=1;159=1
1151	38=0.5;86=1;150=0.5;219=1
1152	20=1;38=1;82=1;86=1;150=1;159=1
1153	24=1;25=1;28=1;46=1;62=1;150=1
1154	11=1;19=1;44=1;106=1;202=1
1155	19=1;44=1;57=1;106=1;202=1
1156	4=1;7=1;12=1;13=1;36=1;44=1;85=1;106=1;202=1;218=1
1157	24=1;26=1;28=1;30=1;93=1;106=1;202=1
1158	24=1;46=1;53=0.5
1159	12=1;20=1;46=1
1160	12=1;39=0.5;46=1;210=0.5
1161	28=1;46=1
1162	24=1;28=1;30=1;46=1
1163	28=1;46=1
1164	28=1;37=1;46=1
1165	1=1;103=1
1166	4=1;61=1;103=1;134=1;177=1;208=0.5
1167	14=1;26=1;79=1;81=1;103=1
1168	17=1;20=1;24=1;161=1
1169	23=1;38=1;46=1;64=1;82=1;91=1;150=1
1170	38=1;46=1;64=1;82=1;150=1
1171	64=1;91=1;100=1;101=1
1172	15=0.5
1173	29=1;120=1
1174	27=1
1175	12=1;22=1;64=1;82=1;91=1
1176	24=1;28=1;177=1
1177	11=1;37=1;38=1;60=1;84=1;109=1;132=1;211=1
1178	12=1;17=1;45=1;60=1;170=1;211=1
1179	24=1;25=1;28=1;37=1;60=1;73=1;82=1;109=1
1180	24=1;25=1;26=1;37=1;60=1;73=1;82=1;109=1;130=1
1181	12=1;13=1;19=1;22=1;46=1;57=1;89=0.5;163=1
1182	1=1;7=1;106=1;202=1
1183	4=1;7=1;67=1;106=1;202=1
1184	12=1;20=1;82=1;106=1;202=1
1185	17=1;20=1;36=1;82=1;106=1;202=1
1186	12=1;88=1
1187	24=1;25=1;26=1;73=1;88=1;130=1
1188	24=1;26=1;73=1;88=1;130=1
1189	24=1;26=1;73=1;88=1;130=1
1190	12=1;24=1;26=1;73=1;181=1
1191	1=1;3=1;82=1;111=1;119=1;171=1;223=0.5
1192	11=1;41=1;44=1;62=1;171=1
1193	4=1;57=0.5
1194	12=1;57=1;73=1
1195	200=0.5;216=1
1196	200=0.5;216=1
1197	4=1;8=1;162=1
1198	24=1;25=1;26=1;39=1;67=1;73=1;82=0.5;97=1;130=1;183=1
1199	24=1;26=1;28=1;38=1;48=1;66=1;82=1;86=1;87=1;130=1
1200	14=1;28=1;81=1
1201	128=1;147=1;188=1
1202	1=1;48=1;137=1
1203	4=1;7=1;48=1
1204	12=1;13=1;21=1;48=1;51=1;137=1
1205	24=1;26=0.5;28=1;73=1;100=0.5;130=1
1206	12=1;21=1;48=1;137=1;210=0.5
1207	31=1;48=1;72=0.5;252=1
1208	4=1;6=1;14=1;39=1;61=1;81=1;97=1;118=1
1209	12=1;14=1;39=1;61=1;81=1;97=1;118=1
1210	14=1;26=1;32=1;39=1;61=1;79=1;81=1;97=1;118=1;147=1
1211	28=1;39=1;61=1;81=1;97=1;118=1
1212	24=1;46=1;53=0.5
1213	4=1;179=1
1214	12=1;22=0.5;67=1;179=1;183=1
1215	128=1;188=1
1216	27=1;28=1;82=1;84=1;161=1;212=1
1217	4=1;7=1
1218	4=1;8=1;176=1;198=1
1219	23=1;40=1;115=1;170=1
1220	24=1;26=1;28=1;45=1;177=1
1221	61=1;118=1;235=1
1222	12=1;13=1;98=1;100=1;173=0.5
1223	4=1;70=1;100=1
1224	100=1;101=1;144=1
1225	5=1;12=1;66=1;82=1;89=1;179=1;212=1
1226	24=1;89=1;119=1;212=1
1227	24=1;25=1;28=1;69=1;179=1;212=1
1228	31=1;35=1;77=1;165=1
1229	21=1;26=1;60=1;82=1;108=1
1230	24=1;25=1;60=1;68=1;82=1;85=1;108=1;129=1
1231	15=1;32=0.5;113=0.5;164=1
1232	128=1;147=1;188=1
1233	12=0.5;30=1;36=1;51=1;133=1
1234	24=1;28=1;30=1;36=1;69=1;77=1;95=1
1235	128=1;147=1;188=1
1236	12=0.5;44=1;84=1;143=1
1237	1=1;2=1;40=1;115=1;174=1
1238	15=1;40=1;115=1
1239	18=1;40=1;72=1;115=1;119=1;164=1;232=1
1240	12=1;45=1;60=1;105=1;109=1;177=1;208=0.5
1241	12=1;20=1;37=1;94=1;103=1
1242	4=1;7=1;22=1;45=1
1243	20=1;37=1;46=0.5;86=1;150=1;219=1
1244	24=1;26=1;28=1;37=1;69=1;130=1
1245	26=1;60=1;170=1;211=1
1246	24=1;26=1;36=1;60=1;73=1;130=1
1247	32=1;36=1;46=1;60=1;147=1;164=1
1248	26=1;60=1;170=1;211=1
1249	12=1;39=1;60=1;98=1;104=1;110=1;197=1
1250	12=1;45=1;60=1;197=1
1251	128=1;147=1;188=1
1252	38=1;82=1;125=1;224=1;253=1
1253	67=1;73=1;82=1;253=1
1254	34=0.5;38=1;82=1;116=1;224=1;253=1
1255	24=1;28=1;34=1;68=1;75=1;82=1;129=1;134=1;156=1;253=1
1256	24=1;27=1;29=0.5;38=1;82=1;120=0.5
1257	27=1;82=1
1258	27=1;29=1;38=1;82=1;253=1
1259	55=1;82=1;231=1;253=1
1260	31=1;73=1;82=1;119=1;224=1;253=1
1261	5=1;30=1;37=1;42=1;102=1;166=1
1262	12=1;44=0.5;73=0.5;104=1;146=1;147=0.5
1263	14=1;44=0.5;79=1;104=1
1264	4=1;6=1;20=1;44=1
1265	4=1;6=1;7=1;104=1
1266	14=1;26=0.5;78=1;104=1;150=1
1267	24=1;28=1;104=1
1268	24=1;28=1;69=1;104=1;147=1;201=1
1269	14=1;50=1;82=1;214=0.5;216=1
1270	147=0.5;188=1
1271	24=1;26=1;73=1;130=1
1272	128=1;147=1;188=1
1273	12=1;18=1;70=1
1274	31=1;40=1;115=1;207=1
1275	12=1;40=1;115=1;207=1
1276	23=1;39=1
1277	24=1;26=1;28=1;40=1;74=1;115=1;130=1;201=1;207=1
1278	128=1;147=1;188=1
1279	20=0.5;36=0.5
1280	5=1;20=1;123=0.5
1281	24=1;25=1;28=1;100=0.5;101=0.5
1282	44=1;73=1
1283	4=1;39=1;98=1;197=1
1284	12=1;39=1;44=1;98=1;197=1
1285	24=1;28=1;30=1;39=1;44=1;98=1;197=1
1286	15=1;27=1;82=1;156=1;177=1;208=1
1287	15=1;18=1;72=1;82=1;156=1;164=1;196=0.5;208=1
1288	4=1;56=0.5
1289	27=1;44=1;100=0.5;121=1;127=1
1290	4=1;44=1;100=0.5;120=1
1291	100=0.5;121=1;216=1
1292	28=1;39=1;82=1;97=1
1293	12=1;27=1;132=1
1294	23=1;38=1;132=1
1295	12=1;21=1;38=1
1296	24=1;25=1;28=1;38=1;177=1
1297	1=1;2=1;42=1;102=1;166=1
1298	38=1;42=1;102=1;166=1
1299	12=1;42=1;102=1;166=1
1300	26=1;38=1;42=1;102=1;166=1
1301	20=1;61=0.5;105=1;118=0.5
1302	190=1
1303	24=1;25=1;28=1;37=0.5;135=1
1304	4=1;39=0.5;42=0.5;48=1;137=1;222=0.5
1305	12=1;13=1;39=1;42=0.5;46=1;48=1;97=1;137=1
1306	12=1;13=1;19=1;44=1
1307	21=1;46=1;62=0.5;120=0.5
1308	24=1;28=1;42=1;46=1;48=1;102=1;166=1;177=0.5;222=1
1309	27=1;48=1;100=0.5;137=1;222=1
1310	15=0.5;38=1;180=1;221=1
1311	44=1;47=1;73=1;95=1
1312	4=1;7=1;95=1
1313	29=1;95=1
1314	12=1;16=1;44=1;73=1;95=1
1315	5=1;12=1;44=1
1316	12=1;19=1;44=1
1317	24=1;25=0.5;26=1;28=1;44=1;69=1;73=1;95=1
1318	1=1;3=1;43=1;50=1;110=1;111=1;153=1
1319	24=1;38=1;82=1;86=1
1320	1=1;2=1;42=1;102=1
1321	12=0.5;31=1;42=1;102=1;165=1
1322	4=1;5=1;42=1;102=1
1323	14=1;26=1;42=1;79=1;102=1;148=1
1324	34=1;42=1;75=1;102=1
1325	20=1;42=1;102=1
1326	21=1
1327	24=1;28=1;148=1
1328	20=1;24=1
1329	24=1;28=1;42=1;102=1
1330	4=1;5=1;8=1;120=1
1331	27=1
1332	4=1;121=1;154=1
1333	15=0.5;121=1;154=1
1334	180=0.5;190=1
1335	4=1;61=1;62=1;89=1;119=1;121=1;154=1
1336	15=1;81=0.5;154=1
1337	4=1;14=1;43=1;82=1;89=1;110=1;125=1;151=1
1338	4=1;7=1;43=1;110=1
1339	14=1;43=1;81=1;82=1;89=1;110=1;151=1;181=1
1340	190=1
1341	24=1;25=1;28=1;30=1;43=1;82=1;110=1;151=1;181=1
1342	3=1;43=1;64=1;91=1;110=1;171=1
1343	12=1;47=1;48=1;73=1;181=1;197=1;252=1
1344	20=1;37=1;80=1;116=0.5;150=1;194=1
1345	20=1;46=1;60=1;108=1
1346	20=1;23=1
1347	20=1;125=1
1348	5=1;137=1
1349	137=1;197=0.5
1350	137=1
1351	173=0.5;200=0.5
1352	1=1;49=0.5;173=1;200=1;256=0.5
1353	4=1
1354	19=0.5
1355	12=1;13=1;21=1;71=1
1356	21=1;173=0.5
1357	24=1;26=0.5;28=1;77=1
1358	28=1
1359	28=0.5
1360	24=1;28=1;100=0.5
1361	4=1;22=1;168=1
1362	1=1;2=1;42=1;102=1;166=1
1363	24=1;37=1;42=1;102=1;166=1
1364	4=1;8=1;29=1;37=1;90=1
1365	3=0.5;90=1;119=0.5;227=0.5
1366	12=1;22=1;37=1;42=1;102=1;166=1
1367	20=1;21=1;22=1;37=1;42=1;102=1
1368	24=1;25=1;26=1;28=1;37=1;42=1;102=1;166=1;177=1;199=0.5
1369	28=1;30=0.5
1370	12=1;21=1;39=1;210=1
1371	27=1;39=1;41=1;84=0.5;100=1;107=1;138=1;172=1;179=0.5
1372	10=1;84=1;131=1;137=1;154=1
1373	17=1;82=1;85=1;86=1;96=1;125=1;189=0.5
1374	2=1;38=1;50=1;82=1;111=1;153=1
1375	14=1;18=1;26=1;28=1;50=1;82=1;85=1;86=1;111=1;123=1
1376	17=1;20=1;38=1;82=1;84=1;85=1;156=1;161=1
1377	24=1;25=1;26=1;28=1;38=1;69=1;81=1;82=1;84=1;130=1;161=1
1378	23=1;39=1;72=1;97=1;195=1
1379	39=1;97=1;125=1
1380	1=1;39=1;97=1;100=0.5
1381	12=1;13=1;39=1;57=1;73=0.5;97=1
1382	4=1;7=1;39=1;97=1;186=1
1383	1=1;2=1;36=1;103=1
1384	23=1;204=1
1385	30=1;133=1;204=1
1386	4=1;95=1
1387	12=1;38=1;82=1;204=1
1388	12=1;17=1;37=1;60=1;103=1;150=1;159=1;176=1
1389	24=0.5;37=1;60=1;108=1
1390	12=1;13=1;17=1;20=1;60=1
1391	24=1;25=1;26=1;28=1;60=1;69=1;130=1
1392	20=1;45=1;103=1;170=1
1393	27=1;28=1;45=1;170=1
1394	12=1;23=1;43=1;110=1;111=1;132=1
1395	17=1;43=1;110=1;111=1;123=1
1396	2=1;3=1;42=1;102=1
1397	20=1;26=1;42=1;102=1;169=0.5
1398	27=1;42=1;102=1;166=1;222=0.5
1399	24=0.5;30=1;38=1;62=1;116=1
1400	4=1;7=1;42=1;81=0.5;169=1;222=0.5
1401	14=1;26=1;28=1;82=1;129=1
1402	23=1;225=0.5;256=0.5
1403	2=1;95=1;104=1;177=0.5
1404	12=1;13=1;44=1;82=1;85=1;104=1;161=1
1405	24=1;26=1;28=1;44=1;73=1;104=1;130=1
1406	16=1;67=1;82=1;183=1
1407	19=1;22=1;36=1;84=0.5;137=0.5;163=1;200=0.5
1408	26=1;34=1;35=1;46=1;238=1
1409	24=1;26=1;27=1;28=1;34=1;35=1;73=1;85=1;238=1
1410	24=1;26=1;27=1;34=1;35=1;221=1;238=1
1411	24=1;26=1;27=1;28=1;74=1;177=1;201=1;238=1
1412	24=1;28=1;35=1;73=1;231=1;238=1
1413	32=1;35=1;147=1;164=1;238=1
1414	12=1;37=1;109=1
1415	4=1;37=1;109=1
1416	23=1;39=1;57=1;98=1;100=1;138=1;145=1
1417	39=1;57=1;98=1;100=1;138=1;193=1
1418	98=1;100=1;101=1;138=1;144=1
1419	12=1;23=1;39=1;57=1;98=1;100=1;138=1;145=1
1420	39=1;57=1;98=1;100=1;138=1
1421	38=1;82=1;237=1
1422	12=0.5;66=1;82=1;179=0.5;212=1
1423	12=1;67=1;146=1;165=1
1424	28=1
1425	50=1;111=1;223=1
1426	50=1;112=1;187=1;223=1
1427	1=1;50=1;111=1;223=1
1428	24=1;38=1;82=1
1429	12=1;38=1;46=1;68=1;82=1;111=1;129=1;237=1
1430	27=1;38=1;82=1;237=1
1431	27=1;38=1;82=1;177=1;221=1;237=1;250=1
1432	4=1;29=1;38=1;82=1;120=1;221=1;237=1
1433	24=1;28=1;38=1;82=1;237=1
1434	24=1;25=1;26=1;37=1;60=1;68=1;82=1;108=1;177=1
1435	4=1;6=1;12=0.5;37=1;42=1;94=1;102=1;166=1
1436	37=0.5;60=0.5;103=0.5;177=1;208=0.5
1437	15=0.5;72=1;169=1
1438	128=1;147=1;188=1
1439	4=1;7=1;204=1;219=1;246=1
1440	17=1;18=1;123=1;204=1;219=1;246=1
1441	24=1;28=1;34=1;73=1;75=1;204=1;235=0.5
1442	24=1;26=1;73=1;130=1;204=1
1443	4=1;36=1;41=1;42=1;61=1;102=1;107=1;118=1
1444	1=1;2=1;39=1;97=1
1445	4=1;6=1;8=1;39=1;97=1
1446	39=1;97=1;125=1
1447	12=1;39=1;97=1;210=1
1448	20=1;36=1;82=1;84=1;125=1
1449	4=1;7=1;82=1;84=1;155=1
1450	4=1;7=1;82=1;84=1;155=1
1451	20=1;26=1;68=1;77=1;82=1;84=1;181=1
1452	24=1;26=1;28=1;130=1
1453	24=1;26=1;73=1;130=1;159=0.5
1454	128=1;147=1;188=1
1455	128=1;147=1;188=1
1456	1=1;86=1;205=1
1457	4=1;6=1;67=1;205=1
1458	14=1;26=1;79=1;81=1;205=1
1459	20=1;24=1;28=1;69=1;93=1;150=1
1460	125=0.5;143=0.5
1461	26=1;61=1;118=1;119=1;154=0.5
1462	12=1;34=0.5;50=1;82=1;103=1;125=0.5;185=0.5
1463	26=1;34=1;50=1;76=1;103=1;180=1
1464	12=1;45=1;57=0.5;106=0.5;148=0.5
1465	16=1;22=1;100=0.5;183=1
1466	27=1;45=1;57=1;100=0.5
1467	37=1;216=1
1468	2=1;100=0.5
1469	23=1;84=1;137=1;176=1;198=1
1470	1=1;84=1;137=1;176=1;198=1
1471	4=1;14=1;27=1;81=1;120=1
1472	12=1;22=1;57=1;82=1
1473	17=1;82=1
1474	24=1;26=1;28=1;68=1;77=1;82=1;130=1;177=1
1475	96=1;125=1
1476	4=1;96=1;100=0.5
1477	12=1;39=1;96=1;98=1;132=1;172=1
1478	31=1;73=1;96=1
1479	12=1;96=1
1480	12=1;67=1;96=1
1481	20=1;96=1
1482	12=1;13=1;24=1;25=1;28=1;69=1;77=1;96=1
1483	24=1;25=1;28=1;73=1;96=1
1484	1=1;3=1;31=1;61=1;118=1;119=1;227=1;233=1
1485	5=1;100=0.5
1486	24=0.5;30=1;45=1;93=1
1487	4=1;7=0.5;22=1;100=1
1488	48=1;100=1;121=0.5
1489	4=0.5;44=1;48=1;99=1;100=1
1490	22=1;45=1;48=1;57=1;100=1
1491	4=1;18=1;45=1;170=1;210=0.5
1492	21=1;45=1;101=1;170=1
1493	57=1;100=1;101=1;144=1
1494	12=1;13=1;36=1;82=0.5;84=1;96=1;163=1
1495	128=1;147=1;188=1
1496	24=1;25=1;37=1;38=1;60=1;68=1;82=1;108=1;129=1
1497	18=0.5;108=1;190=1
1498	18=0.5;72=1;108=1;177=1;190=1
1499	4=1;60=1;63=1;66=1;89=1;108=1;119=1;171=1
1500	128=1;147=1;188=1
1501	4=1;6=1;42=1;45=1;48=1;148=1;166=1;254=0.5
1502	15=0.5;46=1;150=1
1503	14=1;81=1;127=1;185=1
1504	4=1;47=1;64=1;91=1
1505	4=1;47=1;64=1;91=1;106=0.5
1506	24=1;25=1;26=1;57=1;64=1;91=1;100=1;130=1;231=1
1507	128=1;147=1;188=1
1508	1=1;3=1;37=1;62=1;119=1
1509	12=1;21=1;37=1;68=1;197=1
1510	27=1;28=1;37=1;65=1;77=1;93=1
1511	128=1;147=1;188=1
1512	20=1;24=1;26=1;28=1;42=1;102=1;166=1;177=1;236=1
1513	23=1;205=1
1514	4=1;6=1;24=0.5;205=1
1515	4=1;6=1;14=1;205=1
1516	12=1;46=1;70=1;150=1;205=1
1517	24=1;25=1;28=1
1518	24=1;28=1;38=1;205=1
1519	3=1;66=0.5;82=1;90=1;119=1;153=1;212=1
1520	1=1;4=1;6=1;87=1;201=0.5
1521	12=1;31=1;67=1;73=1;87=1
1522	12=1;20=1;24=0.5;27=1;82=1;85=1;87=1;158=0.5;181=1
1523	24=1;26=1;28=1;87=1;130=1
1524	24=1;26=1;87=1;216=1
1525	42=1;82=0.5;102=1;125=1;166=1;199=1
1526	27=1;37=1;42=1;62=1;102=1;127=1;166=1;185=1
1527	26=1;27=1;29=1;42=1;62=1;102=1;120=1;166=1
1528	24=1;28=1;42=1;62=1;102=1;166=1;171=0.5
1529	24=1;60=1;82=1;108=1;109=1;125=1
1530	128=1;188=1
1531	15=0.5;24=1;39=1;97=1
1532	23=1;36=1;206=0.5
1533	17=1;18=1;36=1;82=1;84=1;85=1;123=1
1534	12=1;39=1;86=1;141=0.5
1535	15=0.5;18=1;41=1;61=1;107=1;186=1
1536	28=1;50=1;121=1;216=1;232=1
1537	1=1;2=1;42=1;102=1;166=1;169=0.5
1538	17=1;18=1;21=1;37=1;42=1;60=0.5;102=1;166=1
1539	12=1;17=1;37=1;42=1;102=1;159=1;166=1
1540	14=1;26=1;37=1;42=1;79=1;102=1
1541	14=1;32=1;37=1;42=1;102=1;147=1;166=1
1542	24=1;25=1;28=1;37=1;42=1;102=1;166=1
1543	1=1;2=1;168=1
1544	1=1;61=1;72=1;168=1
1545	31=1;168=1
1546	12=1;150=0.5;168=1
1547	14=0.5;17=1;26=1;168=1
1548	31=1;32=1;128=0.5;147=1;188=0.5
1549	19=1;27=1;82=0.5;89=1;171=1;179=1
1550	27=1;43=1;66=1;89=1;171=1;179=1
1551	43=1;66=1;82=1;87=1;89=1;151=1
1552	27=1;66=1;82=1;89=1;179=1;212=1
1553	128=1;147=1;188=1
1554	4=1;7=1;82=1;155=1;179=1
1555	12=1;20=1;31=1;73=1;82=1;88=1;181=1;206=1
1556	17=1;20=1;24=1;25=1;26=1;28=1;38=1;73=1;82=1;88=1;122=1;130=1;206=1
1557	16=1;31=1;39=0.5;98=0.5
1558	216=1
1559	57=1;98=1;100=1;145=1
1560	98=1;100=1;158=0.5
1561	12=1;73=1;98=1;100=1;101=0.5
1562	31=1;82=1;84=1;227=1
1563	22=1;168=1;216=1;227=1
1564	10=1;39=1;82=1;97=1
1565	10=1;39=1;82=1;97=1;195=1
1566	10=1;67=1
1567	12=1;14=0.5;39=1;82=1;97=1;156=1;195=1;204=1
1568	14=1;39=1;68=1;82=1;97=1;156=1
1569	24=1;26=1;28=1;41=0.5;107=0.5;130=1
1570	128=1;188=1
1571	24=1;26=1;28=1;45=1;90=1;170=1;177=1;236=1
1572	4=1;41=1;107=1
1573	12=1;13=1;20=1;37=1;41=1;94=1;107=1;109=1
1574	10=1;61=1;118=1
1575	61=1;82=1;118=1;138=1
1576	61=1;81=0.5;118=1;179=1
1577	61=1;118=1;138=1;179=1
1578	24=1;27=1;28=1;61=1;118=1;179=1
1579	24=1;25=1;27=1;29=1;61=1;118=1;120=1
1580	24=1;28=1;61=1;118=1
1581	42=1;45=1;46=1;102=1;166=1;174=1
1582	50=1;98=1;100=1;112=1;187=1;214=1
1583	1=1;2=1;45=1;103=1;202=1
1584	24=0.5;26=1;28=1;48=1;177=1;252=1
1585	24=1;25=0.5;28=1;48=1;69=1;77=1;252=1
1586	27=1;48=1;252=1
1587	15=0.5;44=1;125=1
1588	24=1;28=1;44=1
1589	24=1;30=1;44=1
1590	67=1;73=1;88=1;159=0.5
1591	4=1;15=0.5;88=1
1592	27=1;88=1
1593	26=0.5;27=1;28=1;88=1
1594	4=1;12=1;46=1;82=1;150=1
1595	24=1;26=1;28=1;68=1;82=1;88=1;130=1
1596	128=1;147=1;188=1
1597	24=1;26=1;28=1;73=1;86=1;130=1;177=1
1598	12=1;37=1;43=1;62=1;110=1;177=0.5
1599	12=1;20=1;37=1;43=0.5
1600	24=1;26=1;28=1;130=1;177=1
1601	4=1;8=1;40=1;115=1;204=1;207=1
1602	12=0.5;40=1;115=1;207=1
1603	4=1;6=1;40=1;115=1;204=1;207=1
1604	12=1;38=1;40=1;82=1;207=1
1605	17=1;18=1;20=1;38=1;40=1;82=1;84=1;86=1;123=1;161=1;207=1
1606	12=1;13=1;40=1;207=1
1607	40=1;161=1;207=1;212=1
1608	24=1;28=1;33=1;40=1;74=1;115=1;201=1;207=1
1609	2=1;41=1;107=1
1610	5=1;12=1;41=1;82=1;107=1;173=1;218=1
1611	17=1;41=1;82=1;96=1;107=1
1612	2=1;31=1;41=1;53=0.5;107=1
1613	4=1;36=1
1614	4=1;15=0.5;36=1;163=1
1615	53=0.5;82=1;163=1
1616	4=1;22=1;66=1;82=1;212=1
1617	38=1;82=1;87=1;98=1;163=1
1618	12=1;62=1;82=1;119=1;161=1;163=1
1619	24=0.5;57=1;100=1;163=1
1620	18=1;24=1;25=1;28=1;36=1;85=1;123=1
1621	19=1;44=1;99=1;100=1;144=1
1622	44=1;57=1;100=1
1623	12=1;22=1;44=1;57=1;100=1;191=1
1624	24=1;25=1;100=1
1625	24=1;43=1;110=1
1626	4=1;15=0.5;37=1;43=1;110=1
1627	4=1;37=1;43=1;110=1
1628	4=1;37=1;43=1;110=1;127=1
1629	12=1;13=1;17=1;18=1;36=1;37=1;43=1;110=1
1630	24=1;25=1;28=1;37=1;43=1;110=1
1631	24=1;28=1;37=1;43=1;69=1;73=1;110=1;177=1
1632	2=1;38=1;82=1;125=1;201=1
1633	12=1;14=1;18=1;38=1;82=1;87=0.5;122=1;123=1;141=1;201=1
1634	26=1;28=1;82=1;156=1
1635	31=1;164=1;201=1;234=1
1636	1=1;2=1;3=1;103=1;170=1
1637	4=1;8=1;93=1;103=1;170=1
1638	12=1;13=1;16=1;82=1;93=1;103=1;170=1
1639	24=1;26=1;28=1;130=1;177=1
1640	12=0.5;85=1;156=1;173=1;218=1
1641	128=1;147=1;188=1
1642	14=0.5;20=1;26=1;28=1;46=1;78=1;104=1;150=1;177=0.5
1643	31=1;104=1;183=1
1644	4=1;60=1;82=1;108=1;211=1
1645	14=1;17=1;37=1;60=1;108=1;109=1;159=1;211=1
1646	24=1;28=1;37=1;38=1;53=0.5;60=1;82=1;108=1;109=1;211=1
1647	4=1;20=1;34=1;82=1;200=1
1648	28=1;77=1;201=1
1649	24=1;25=1;26=1;28=1;74=1;130=1;201=1
1650	4=1;6=1;14=1;38=1;116=1
1651	14=1;38=1;116=1;127=1
1652	14=1;38=1;116=1;147=1
1653	4=1;8=1;20=1;41=1;107=1
1654	27=1;28=1;37=1;41=1;107=1;176=1
1655	12=1;13=1;30=1;37=1;41=1;107=1;176=1
1656	21=1;37=1;41=1;107=1;176=1
1657	24=1;26=1;28=1;30=1;41=1;77=1;78=1;93=1;107=1
1658	12=1;13=1;24=1;25=1;61=1;118=1;170=1
1659	31=0.5
1660	128=1;147=1;188=1
1661	12=1;18=1;38=1;43=1;110=1
1662	12=1;43=1;82=1;85=1;110=1;152=1;156=1;217=1
1663	17=1;72=1;152=1;218=0.5
1664	72=1;152=1
1665	24=1;34=1;82=1;85=1;134=1;152=1
1666	26=1;27=1;82=1;152=1;156=1;177=1;184=0.5
1667	24=1;28=1;73=1;82=1;152=1;156=1;220=1
1668	1=1;2=1;37=1;42=1;102=1;166=1
1669	12=1;37=1;94=1;166=0.5;183=1
1670	24=1;38=1;82=1
1671	23=1;82=1;179=1
1672	26=1;27=1;82=1;179=1
1673	27=1;82=1;179=1
1674	1=1;2=1;7=1;37=1;42=1;102=1;148=1;166=1
1675	15=0.5;37=1;42=1;102=1
1676	4=1;37=1;42=1;102=1
1677	12=1;13=1;37=1;42=1;102=1
1678	17=1;20=1;37=1;42=1
1679	12=1;20=1;37=1;42=1;60=0.5
1680	12=1;19=1;37=1;42=1;60=0.5;102=1
1681	14=1;26=1;37=1;42=1;79=1;102=1;127=1;185=1
1682	4=1;65=1;82=1;156=1;233=0.5
1683	1=1;12=0.5;65=1;82=1;156=1
1684	15=0.5;65=1;81=1
1685	4=1
1686	24=0.5;27=1;29=1;65=1;69=1
1687	12=1;20=1;36=1;41=1;62=1;89=1;107=1;150=1;171=1;198=1
1688	12=1;37=1;41=1;60=1;108=1;127=1;171=1;185=0.5
1689	128=1;147=1;188=1
1690	86=1;219=1
1691	41=1;46=1;107=1;109=1
1692	17=1;37=1;38=1;41=1;60=1;107=1;109=1
1693	12=1;13=1;41=1;107=1;109=1;161=1;200=1
1694	12=1;17=1;41=1;73=0.5;107=1;109=1;161=1
1695	20=1;41=1;107=1;109=1;161=1
1696	24=1;28=1;41=1;66=1;78=1;107=1;109=1
1697	24=1;28=1;41=1;46=1;77=1;107=1;109=1;176=1
1698	128=1;147=1;188=1
1699	15=0.5;35=1;82=1;85=1;165=1
1700	12=1;23=1;82=1;85=1;132=1
1701	35=1;82=1;85=1;165=1
1702	27=1;60=1;82=1;85=1;105=1
1703	24=1;28=1;34=1;60=1;75=1;82=1;85=1;105=1;134=1
1704	128=1;147=1;188=1
1705	24=1;38=1;82=1
1706	4=1;7=1;82=1;88=1;155=1;186=1
1707	12=1;26=1;73=1;82=1;88=1;130=1
1708	17=1;21=1;82=1;88=1
1709	4=1;7=1;82=1;88=1
1710	12=1;73=1
1711	24=1;26=1;28=1;73=1;82=1;88=1;130=1
1712	4=1;63=1;180=1
1713	4=1;15=1;63=1;82=1;164=1
1714	12=1;13=1;45=1;93=1;102=0.5;148=1
1715	27=1;61=1;118=1;127=1;185=0.5
1716	24=1;25=1;28=1;45=1;68=1;77=1
1717	26=1;28=1;30=1;77=1;94=0.5
1718	12=1;13=1;41=1;73=1;107=1
1719	1=1;41=1;60=1;107=1;148=1
1720	10=1;60=1;107=1;148=1
1721	4=1;7=0.5;21=1;60=1;107=1;133=0.5
1722	12=1;13=1;21=1;41=1;60=1;107=1;148=1
1723	8=1;21=1;27=1;28=1;60=1
1724	27=1;28=1;60=1;178=1
1725	14=1;30=1;46=1;60=1;77=1;147=1;150=1
1726	24=1;25=1;28=1;37=1;41=1;60=1;68=1;107=1
1727	19=1;36=1;44=1;62=1;231=1
1728	19=1;36=1;44=1;231=1;251=1
1729	22=1;36=1;44=1
1730	20=1;31=1;36=1;44=1;61=1;118=1;231=1;251=1
1731	24=1;28=1;69=1;73=1
1732	2=1;36=1;41=1;107=1
1733	12=1;36=1;48=1;186=1;252=1
1734	26=1;28=1;48=1;78=1;186=1;252=1
1735	16=1;31=1;67=1;252=1
1736	20=1;252=1
1737	36=1;48=1;67=1;186=1;252=1
1738	23=1;201=0.5
1739	12=1;20=1
1740	1=1;3=1;31=1;41=1;62=1;101=1;107=1;171=1
1741	3=1;36=1;62=1;101=1;171=1
1742	20=1;36=1;93=1;171=1
1743	24=1;25=1;36=1;67=1;73=1
1744	4=1;171=1
1745	17=1;27=1;36=1;171=1;197=0.5
1746	28=1;41=1;171=1
1747	1=1;6=1;38=1;100=1;125=1
1748	4=1;6=1;116=1
1749	128=1;147=1;188=1
1750	1=1;41=1;107=1
1751	12=1;18=1;36=1;41=1;44=1;57=1;100=1;107=1;122=1;123=1;191=0.5
1752	24=1;25=1;28=1;41=1;69=1;77=1;107=1
1753	23=1;60=1;82=1;105=1;108=1;109=1;131=0.5
1754	4=1;5=1;37=1;46=1;109=1;174=1
1755	20=1;37=1;46=1;109=1
1756	11=1;41=0.5;104=0.5
1757	24=1;25=1;26=1;28=1;69=1;73=1;130=1
1758	35=1;82=1;85=1;125=1;173=1;217=1;218=1
1759	23=1;82=1;85=1;217=1
1760	12=1;23=1;44=1;82=1;85=1;173=1;218=1
1761	1=1;3=1;30=1;82=1;171=1
1762	27=1;82=1;89=1;110=0.5;117=1;153=1;179=1;235=1
1763	4=1;6=1;49=1;81=0.5
1764	26=1;34=1;49=1;75=1;76=1;167=1
1765	24=1;28=1;35=1;49=1;167=1;173=1
1766	4=1;21=0.5;176=0.5
1767	2=1;46=1;125=0.5
1768	2=1;46=1;78=1
1769	10=1;48=1
1770	10=1;48=1
1771	10=1;164=0.5
1772	14=1;38=1;116=1
1773	26=1;28=1;34=1;38=1;79=1;116=1
1774	24=1;26=1;28=1;38=1;177=1
1775	24=1;73=1;181=1
1776	4=1;36=1;93=1
1777	4=1;36=1;93=1
1778	12=1;22=1;36=1;198=1
1779	30=1;31=1;67=1;93=1;183=1
1780	40=0.5;115=0.5;174=1
1781	39=1;73=1;85=1;96=1;97=1
1782	1=1;2=1;42=1;102=1;166=1
1783	18=1;20=1;21=1;22=1;36=1;37=1;42=1;46=1;60=1;90=1;102=1;122=1;123=1;159=1;166=1
1784	28=1;37=1;42=1;102=1;166=1
1785	128=1;147=1;188=1
1786	24=1;28=1;44=1;69=1;231=1
1787	1=1;6=1;37=1;94=1;125=1
1788	12=1;37=1;121=0.5
1789	18=1;19=1;57=1;123=1
1790	19=1;57=1;190=0.5
1791	57=1;100=0.5
1792	20=1;37=1
1793	21=0.5;24=0.5
1794	37=1;127=1;176=1;185=0.5
1795	24=0.5;26=1;28=1;37=1;53=0.5;73=1;128=1;147=1;188=1
1796	2=1;35=1;82=0.5;85=1;168=1;173=1;201=1;256=0.5
1797	24=0.5;43=0.5;110=1;194=1
1798	12=1;67=1
1799	18=1;26=1
1800	4=1;6=1;125=1
1801	31=1;35=1;61=1;75=1;119=1;165=1
1802	49=1;72=1;165=1
1803	128=1;147=1;188=1
1804	24=1;35=1;75=1;117=1;165=1;174=1
1805	23=1;117=1;180=1
1806	4=1;117=1;180=1
1807	5=1;117=1;180=1
1808	18=1;24=1;27=1;75=0.5;105=1;117=1;180=1;221=1
1809	4=1;42=1;47=1;102=1;166=1;199=0.5
1810	15=1;42=1;47=1;102=1;166=1
1811	3=1;4=1;6=1;7=1;8=1;42=1;47=1;63=1;64=1;91=1;102=1;120=1;166=1
1812	29=1;42=1;47=1;102=1;120=1;166=1
1813	42=1;47=1;72=1;102=1;164=1;166=1
1814	24=1;28=1;141=0.5
1815	128=1;147=1;188=1
1816	26=1;34=1;49=1;82=1;114=1;247=1
1817	49=1;72=1;82=1;114=1;247=1
1818	24=1;40=1;82=1;85=1;125=1;201=1;207=1
1819	27=1;28=1;40=1;85=1;207=1
1820	17=1;39=1;47=1;106=1;119=1;123=1
1821	17=1;39=1;47=1;106=1;119=1
1822	12=1;21=1;39=1;97=1
1823	17=1;119=1
1824	28=1;33=0.5;77=1
1825	12=1;82=1;85=1;173=1;201=1;218=1
1826	4=1;65=1
1827	4=1;65=1
1828	4=1;7=1;65=1;67=1
1829	16=1;30=1;31=1;183=1
1830	26=1;28=1;77=1;169=0.5
1831	18=1;53=0.5
1832	14=0.5;37=1;79=1;103=1
1833	37=1;41=1;60=1;107=1
1834	14=1;37=1;41=1;79=1;107=1;176=1
1835	27=1;37=1
1836	24=1;82=1;85=1;125=1
1837	47=1;73=1;82=1;155=1
1838	4=1;7=1;37=1;42=1;102=1;166=1
1839	128=1;147=1;188=1
1840	1=1;87=1;201=0.5
1841	12=0.5;46=1;87=1;165=1;201=0.5
1842	1=1;131=1;137=1
1843	4=1;14=1;38=1;81=1;82=1;84=1
1844	31=1;67=1;82=1;84=1;125=1
1845	4=1;82=1;84=1
1846	14=1;38=1;81=1;82=1;84=1;127=1;185=1
1847	18=1;27=1;38=1;62=1;82=1;84=1;86=1;93=1;122=1
1848	24=1;26=1;28=1;73=1;82=1;86=1;177=1
1849	1=1;113=1
1850	4=1;6=1;113=1
1851	34=1;46=1;82=1;113=1;225=0.5
1852	26=1;28=1;34=1;75=1;82=1;111=1;134=1;156=1
1853	82=1;190=1
1854	38=1;82=1;117=1;125=1
1855	4=1;38=1;82=1;119=1
1856	4=1;43=1;82=1;85=1;151=1;173=1
1857	39=1;82=1;85=1;98=1;119=1;173=1;195=1
1858	17=1;38=1;82=1;85=1;117=1;201=1
1859	24=1;28=1;33=1;69=1;119=1;201=1
1860	4=1;37=0.5
1861	15=0.5;43=1;89=1;110=1;112=0.5
1862	12=1;13=1;43=1;60=1;62=1;89=1;110=1;112=0.5
1863	12=1;43=1;60=1;110=1
1864	4=1;8=1;24=1;82=1
1865	30=1;82=1;133=1
1866	22=1;24=1;28=1;82=1;85=1;100=0.5
1867	15=0.5;21=1
1868	20=1;121=1;215=1
1869	31=1;67=1;73=1;96=1
1870	19=1;46=1;89=1
1871	2=1;37=1;46=1;109=1;169=1
1872	4=1;7=1;20=1;36=1;46=1
1873	19=1;22=1;44=1;46=1;57=1
1874	12=1;13=1;17=1;20=1;46=1;161=1
1875	16=1;44=1;215=1
1876	19=1;44=1;57=1;100=1;101=1;144=1
1877	24=1;28=1;37=1;46=1;73=1;109=1;169=0.5
1878	3=1;42=1;43=1;50=1;102=1;110=1;171=1
1879	43=1;66=1;82=1;151=1
1880	12=1;43=1;66=1;82=1;110=1;151=1
1881	27=1;28=1;43=1;82=1
1882	3=1;12=1;43=1;82=1;146=1;153=1;171=1
1883	3=1;17=1;43=1;64=1;82=1;110=1;146=1;153=1;171=1
1884	3=1;43=1;171=1
1885	3=1;43=1;82=1;153=1;171=1
1886	4=1;39=1;82=1;84=1;97=1;156=1
1887	14=1;26=1;39=1;79=1;81=1;97=1
1888	24=1;27=1;28=1;30=1;39=1;82=1;84=1;97=1;128=1;147=1;188=1
1889	4=1;7=1;17=1;37=1;109=1;252=0.5
1890	12=1;37=1;109=1;183=1
1891	72=1;81=0.5
1892	128=1;147=1;188=1
1893	4=1;19=1;36=1;44=1
1894	1=1;63=1;116=1
1895	15=0.5;37=1;60=1;125=1
1896	21=1;179=1
1897	4=1;21=1;24=0.5;231=1
1898	12=1;21=1;37=1;60=1
1899	21=1;37=1;60=1
1900	16=1;21=1;24=0.5;37=1;60=1
1901	17=1;21=1;37=1;60=1
1902	21=1;30=0.5;60=1;133=0.5
1903	20=1;36=1;42=1;82=1;102=1;166=1;179=1
1904	24=1;26=1;28=1;42=1;62=1;77=1;82=1;102=1;130=1;166=1
1905	128=1;147=1;188=1
1906	20=1;23=1;46=1
1907	4=1;37=1;46=1
1908	5=1;31=1;37=1;46=1;73=1
1909	24=1;28=1;37=1;46=1
1910	4=1;57=1;96=1;98=1;100=1;171=1;172=1
1911	12=1;17=1;57=1;96=1;98=1;172=1
1912	5=1;24=1;28=1;30=1;36=1;62=1;69=1;93=1;171=1
1913	12=1;13=1;38=1;84=1;116=1;208=1
1914	4=1;38=1;116=1
1915	34=1;84=1;116=1;134=1
1916	17=1;20=1;38=1;82=1;84=1;85=1;116=1;173=1;218=1
1917	17=1;38=1;85=1;116=1;161=1;173=1
1918	17=1;38=1;156=1;177=1;208=1
1919	14=1;20=1;26=1;38=1;84=1;116=1
1920	24=1;25=1;28=1;38=1;68=1;82=1;116=1
1921	57=1;99=1;100=1;143=1
1922	5=1;12=1;22=1;41=1;46=1;107=1;138=0.5;197=1
1923	1=1;37=1;46=1;109=1
1924	38=1;46=1;213=0.5
1925	15=0.5;44=1;82=1;84=1;125=1;179=1
1926	20=1;22=1;82=1;84=1
1927	22=1;27=1;82=1;84=1;100=0.5
1928	20=1;24=0.5;82=1;100=1;101=1
1929	4=1;42=1;89=1;169=1
1930	14=1;81=1;84=1;169=1
1931	27=1;28=1;29=1;82=1;120=1
1932	128=1;147=1;188=1
1933	50=1;112=1;121=1
1934	3=1;50=1;112=1;153=1
1935	12=1;50=1;112=1;150=1;168=1;201=1
1936	17=1;22=1;150=1;187=0.5
1937	26=1;168=1;187=0.5
1938	17=1;27=1;168=1
1939	24=1;31=1;50=1;112=1;150=1;168=1;201=1;227=0.5
1940	25=0.5;60=1;81=0.5;108=1
1941	4=1;15=0.5;82=1;87=1;157=1
1942	27=1;34=1;72=1;82=1;87=1;134=1;157=1
1943	24=1;34=1;82=1;87=1;134=1
1944	27=1;82=1;87=1;157=1
1945	27=1;72=0.5;157=1
1946	4=1;34=1;82=1;156=1;174=1
1947	12=1;17=1;38=1;82=1;156=1;174=1
1948	24=1;25=1;26=1;28=1;41=0.5;68=1;82=1;130=1;230=0.5
1949	4=1;36=1;41=1;107=1
1950	12=1;46=1;104=1;113=0.5;169=1;185=1;225=1
1951	31=1;35=1;104=1;169=1;225=1;256=1
1952	1=1;6=1;50=1;67=1;111=1;125=1
1953	15=0.5;111=1
1954	38=1;50=1;82=1;86=1;111=1;125=1
1955	15=1;17=1;38=1;82=1;86=1
1956	4=1;7=1;19=1;44=1;57=1;99=1
1957	12=1;21=1;36=1;44=0.5
1958	19=1;46=1;60=1;105=1;109=1
1959	21=1;60=1;105=1
1960	4=1;14=1;25=0.5;81=1;256=0.5
1961	4=1;7=1;135=1
1962	24=1;33=0.5;135=1
1963	31=1;50=1;111=1;223=1
1964	4=1;82=1;84=1
1965	22=1;26=0.5;82=1;84=1;241=0.5;242=0.5
1966	27=1;57=1;82=1;84=1;100=1;170=1;241=1
1967	20=1;24=1;25=1;26=1;28=1;82=1;84=1;130=1
1968	24=1;25=1;26=1;68=1;82=1;129=1;181=1;220=1
1969	128=1;147=1;188=1
1970	7=1;47=1;73=1;82=1;155=1;219=1
1971	4=1;7=1;82=1
1972	40=1;44=1;46=1;100=1;101=1;115=1;174=1
1973	128=1;147=1;188=1
1974	1=1;3=1;41=1;107=1
1975	24=1;28=1;33=1;41=0.5
1976	1=1;2=1;111=1;201=1;237=1
1977	1=1;111=1;201=1;227=1;237=1
1978	128=1;147=1;188=1
1979	4=1;6=1;105=1;166=1
1980	20=1;105=1;166=1;177=1;181=1
1981	177=1
1982	12=1;13=1;43=1;66=1;82=1;89=1;110=1;151=1
1983	24=1;25=1;26=1;43=1;66=1;82=1;110=1;130=1;151=1
1984	128=1;147=1;188=1
1985	12=1;37=1;41=1;47=1;60=1;91=0.5;107=1;202=1
1986	4=1;164=1
1987	4=1;7=1
1988	12=1;70=1;215=1
1989	24=1;30=1;38=1;73=1;93=1;116=1;220=1
1990	17=1;24=1;25=1;38=1;44=0.5;116=1;208=1
1991	27=1;40=1;63=1;115=1
1992	12=1;22=1;40=1;115=1;183=1
1993	17=1;18=1;40=1;63=1;115=1;123=1
1994	26=1;28=1;40=1;77=1;115=1
1995	28=1;70=0.5
1996	4=1;6=1;8=1;125=1;246=1
1997	82=1;93=1;246=1
1998	20=1;38=1;82=1;246=1
1999	12=1;20=1;26=1;82=1;93=1;246=1
2000	24=1;25=1;28=1;82=1;246=1
2001	24=0.5;42=1;82=0.5;102=1;125=1;166=1
2002	42=1;45=1;53=0.5;102=1;166=1
2003	30=1;42=1;45=1
2004	31=1;42=1;45=1;102=1;166=1;240=0.5
2005	24=1;28=1;30=1;42=1;102=1;166=1
2006	128=1;147=1;188=1
2007	43=0.5;168=1;201=1;246=0.5
2008	47=1;168=1;173=1;201=1
2009	23=1;67=1;88=1
2010	31=1;73=1;125=1
2011	4=1;24=0.5;46=1;88=1
2012	12=1;13=1;147=1
2013	16=1;73=1;88=1;183=1
2014	24=1;28=1;30=1;73=1;116=1
2015	24=1;25=1;26=1;28=1;44=1;73=1;130=1
2016	12=1;38=1;82=1;86=1;113=1;219=1;225=1;256=1
2017	17=1;38=1;82=1;113=1;161=1;225=1;256=1
2018	12=1;104=1
2019	20=1;41=1;107=1;137=0.5
2020	23=1;36=1;41=1;107=1;137=0.5;198=1
2021	20=1;41=1;107=1;137=0.5;190=0.5
2022	24=1;28=1;30=1;34=1;41=1;62=1;73=1;107=1;137=0.5
2023	128=1;147=1;188=1
2024	10=1;82=1;131=1;154=1
2025	15=0.5;18=1;82=1;121=1;154=1
2026	121=1;143=1;154=1
2027	17=1;19=1;20=1;38=0.5;57=1;105=1
2028	24=0.5;105=1;125=1
2029	190=1
2030	190=1
2031	11=1;37=1;60=1;84=1;109=1;132=1;170=1;211=1
2032	30=1;37=1;60=1;84=1;109=1;211=1
2033	14=1;18=1;26=1;37=1;60=1;79=1;81=1;84=1;109=1;123=1;170=1;211=1
2034	24=1;25=1;26=1;28=1;37=1;60=1;69=1;109=1;130=1;211=1
2035	30=1;53=0.5;62=1;164=1;211=1
2036	201=1
2037	27=1;50=1;72=1;112=1;201=1;232=1;249=1
2038	15=1;18=1;26=1;50=1;72=1;112=1;187=1;196=1;232=1;249=1
2039	26=1;34=1;76=1;201=1;249=1
2040	4=1;37=1;38=1;116=1;179=1
2041	12=1;38=1;116=1;179=1
2042	21=1;179=1
2043	24=1;26=1;28=1;38=1;67=1;68=1;77=1;116=1;177=1
2044	24=1;57=1;73=1;100=1;159=1
2045	24=1;25=1;26=1;28=1;73=1;130=1;159=1
2046	27=1;29=1;48=1;60=1;108=1;120=1;137=1
2047	4=1;7=1;60=1;108=1
2048	12=0.5;88=1;179=1
2049	4=1;7=1;88=1;177=0.5;179=1
2050	11=1;19=1;44=1;88=1;132=1;179=1
2051	17=1;44=1;88=1
2052	24=1;28=1;73=1;88=1
2053	24=1;25=1;26=1;28=1;60=1;77=1;108=1
2054	128=1;147=1;188=1
2055	2=1;34=1;35=1;82=1;84=1;85=1;96=1;198=1;227=1
2056	3=1;7=1;61=1;72=1;82=1;85=1;118=1;171=1;254=0.5
2057	23=1;38=1;82=1
2058	4=1;64=1;82=1;91=1;201=1
2059	38=1;82=1;87=1;125=1
2060	18=1;72=1;82=1;87=1;123=1
2061	4=1;36=0.5;92=1;163=1
2062	15=0.5;36=0.5;92=1;163=1
2063	15=1;18=1;72=1;143=0.5
2064	12=1;13=1;19=1;38=1;67=1;82=1;84=1;183=1
2065	1=1;44=1
2066	23=1;44=1;93=0.5
2067	24=1;36=1;44=1;73=1;130=1
2068	14=0.5;18=1;38=1;60=1;84=1;116=1;123=1;149=1;211=1
